album_id,artist_id
5uLD1utqjqCFswSo7ZEuhr,4phGZZrJZRo4ElhRtViYdl
4HCUsZGlWSq1GrpgA9167A,4phGZZrJZRo4ElhRtViYdl
5XmgxU4rDcAoP1EHiSFYBX,4phGZZrJZRo4ElhRtViYdl
3iR4OOkj5x44bRxkPP6fls,4phGZZrJZRo4ElhRtViYdl
67OQDxAUZjR85YRnd74V3o,4phGZZrJZRo4ElhRtViYdl
2py2U8ypMQJkAcr1SnQCHz,4phGZZrJZRo4ElhRtViYdl
7dwIWyB2jdJgL3P2JEgRKm,4phGZZrJZRo4ElhRtViYdl
22MrOvzmcn6WeE4v6Ua6dj,4phGZZrJZRo4ElhRtViYdl
1l62CqhREU19alAm7OCaKg,4phGZZrJZRo4ElhRtViYdl
2bqksLEQxw80lhxXp6Xtcz,4phGZZrJZRo4ElhRtViYdl
7oD9oCCtFhg5RoLtMR5TKl,4phGZZrJZRo4ElhRtViYdl
3ZJCkMzqe5OzSkYMrCcuAs,4phGZZrJZRo4ElhRtViYdl
04G0YylSjvDQZrjOfE5jA5,4phGZZrJZRo4ElhRtViYdl
1UwzOp5hn3lAbOqsAfXBw8,4phGZZrJZRo4ElhRtViYdl
1xT5AJ90okXtEV70jLkXNY,4phGZZrJZRo4ElhRtViYdl
1yN7lmtDbJYWkblSBLoAXA,4phGZZrJZRo4ElhRtViYdl
0swM8EuQkgYV2knrZ8rFl2,4phGZZrJZRo4ElhRtViYdl
1zm48jOTwtPLx6sCMSTOg3,4phGZZrJZRo4ElhRtViYdl
4JLRwvuD8BkYldvvPDJELW,4phGZZrJZRo4ElhRtViYdl
6I9GBueBmRdHdDQjbL7El1,4phGZZrJZRo4ElhRtViYdl
656rVFLFjUHvyK31pRJDXg,1I7oHjCjMrMUz66v67yJJu
6yx0gSVORmm9Sx7atiiUjH,1I7oHjCjMrMUz66v67yJJu
262WDpIo6R8eiVSAzD5ztb,1I7oHjCjMrMUz66v67yJJu
7G78HVl5SJNmEdem6QIGfA,1I7oHjCjMrMUz66v67yJJu
6NEBdOy6auSHbdeC3jB4hQ,1I7oHjCjMrMUz66v67yJJu
6gqhPighIztVIp72MbJfYv,1I7oHjCjMrMUz66v67yJJu
6xWGNnipxLJCfRPPB9e9Iy,1I7oHjCjMrMUz66v67yJJu
5fphtHzTlavhYlbeSDvNO1,1I7oHjCjMrMUz66v67yJJu
3K7JQz60YupZIlRg30uDvj,7CQwac16i1W5ej8YpuL3dv
4GpfRZguf7uOAWUzKePjf5,7CQwac16i1W5ej8YpuL3dv
67PRELisKPPiMEurHc671X,7CQwac16i1W5ej8YpuL3dv
4GRswj5X73eFGhe6QDTRCD,7CQwac16i1W5ej8YpuL3dv
12IeKij6124UJpIf2iD6Vz,7CQwac16i1W5ej8YpuL3dv
0K3fhjZFrCYyVmRVNRMipH,7CQwac16i1W5ej8YpuL3dv
4te6mVnpBCz7xe1zEztOSy,7CQwac16i1W5ej8YpuL3dv
1DpZ3jGqyRCTQ8Eoas1MP4,7CQwac16i1W5ej8YpuL3dv
22nQUXuJAYDf4xRhZmvTmZ,7CQwac16i1W5ej8YpuL3dv
3w9ixJW8A46qvgobuNYCca,7CQwac16i1W5ej8YpuL3dv
2KIKGsufXk5B0DT5U2qQVm,7CQwac16i1W5ej8YpuL3dv
7hh9qCfFuLlaMpjCMzTiZz,7CQwac16i1W5ej8YpuL3dv
58MXzvPciaISJgkK9aPXml,7CQwac16i1W5ej8YpuL3dv
16kaxlZfQO5W5Z8OeHbs1T,7CQwac16i1W5ej8YpuL3dv
0UlhdB1GPfs4WozhZBlGdL,3UAk61T8PItbpgEi9u7ofY
4zVkAizREjamOAnvOqE3Du,3UAk61T8PItbpgEi9u7ofY
2Objy4bpKyIT4JsUsBr8ka,3UAk61T8PItbpgEi9u7ofY
0oiW40jJHbCnTHIfG1yTaL,3UAk61T8PItbpgEi9u7ofY
7jwWqsd8VzJnj6jRL0c90H,4PM86aECDhcdwuJNZNrR22
48GwCSc4kiSaGvS7JybHEC,4PM86aECDhcdwuJNZNrR22
7gTpnJLwYoQYS4oIJtnnpv,4PM86aECDhcdwuJNZNrR22
7Ccak5K64AHLm7uXm6GHGv,4PM86aECDhcdwuJNZNrR22
7BGn1iZhKHuR0XbkUWXj5x,4PM86aECDhcdwuJNZNrR22
6dXaDhX3IdeAJs5OnR24vx,4PM86aECDhcdwuJNZNrR22
2SbPOPZJhWcY5bf81e4PIV,4PM86aECDhcdwuJNZNrR22
6EcT6rgKyvfvsWfcb5Ovgb,4PM86aECDhcdwuJNZNrR22
1EJKojv9Xh7QFVESSGWA5p,4PM86aECDhcdwuJNZNrR22
1i7imSoLeKvwpZ20S6pAeM,4PM86aECDhcdwuJNZNrR22
04MHZeZa7AylF00aNcq9Cy,4PM86aECDhcdwuJNZNrR22
30TlBLN1RhZItbojGQNsAr,4PM86aECDhcdwuJNZNrR22
7jnQ0kUOFnoJEwdL38rR6u,4PM86aECDhcdwuJNZNrR22
2c1aA3Boh19RivTgnv18uM,4PM86aECDhcdwuJNZNrR22
04jIXuDeTdX093KyknWYWE,4PM86aECDhcdwuJNZNrR22
7LS6vEZowBxKQzFaGAfyDp,4PM86aECDhcdwuJNZNrR22
6qINhIxoMJM7ezOLhim5Zj,4PM86aECDhcdwuJNZNrR22
69XRYpLI30TEN7K4c3CEgb,4PM86aECDhcdwuJNZNrR22
02nO8sjDUtPC1tPsKMdSPg,6JVRYNneRsYNInT4TNr5vU
2W4mr7uZzOh4rdfpmIes68,6JVRYNneRsYNInT4TNr5vU
5sjKKTbcoxn7FR8MGmZsM5,6JVRYNneRsYNInT4TNr5vU
6CF6xvXq2PFRos9FxchznM,6JVRYNneRsYNInT4TNr5vU
2cPkJzHlQaTNFeWZnHOgeU,6JVRYNneRsYNInT4TNr5vU
2FXy9tMZ8tGQoFhEjxWTe3,6JVRYNneRsYNInT4TNr5vU
2oim3kNtQ40YWl93Pe5nK6,6JVRYNneRsYNInT4TNr5vU
2QeQdjFySaElQydbLlFILa,6JVRYNneRsYNInT4TNr5vU
2bMuFn4MVLRCaqgl3Ohnhs,6JVRYNneRsYNInT4TNr5vU
62oe1UclBZZC3ve0Q9hi0Z,6JVRYNneRsYNInT4TNr5vU
2urGIEvH4dg0qGh4u2XtsZ,6JVRYNneRsYNInT4TNr5vU
4W3thVlsxoMGDgmMZASHof,6JVRYNneRsYNInT4TNr5vU
2lVztDSrARLmjd68Sb9eNi,6Yuow6YoiBaVPFNjZ5BQi7
0VYa8Da3sGtLgBgv9AAejl,6Yuow6YoiBaVPFNjZ5BQi7
6R1wOhEarC6ZAoBk7QIbyH,6Yuow6YoiBaVPFNjZ5BQi7
2DHVyrXDHU1Bon69m1BaMy,6Yuow6YoiBaVPFNjZ5BQi7
5M8KlKcuRbCgIE7Yx7u99m,6Yuow6YoiBaVPFNjZ5BQi7
5Y9c3oC11n4Ap9YzRQjv7M,6Yuow6YoiBaVPFNjZ5BQi7
3WrazvH0tL3nxgmeoplcuK,6Yuow6YoiBaVPFNjZ5BQi7
08WMiJjbeDVMgaPttGdN2V,6Yuow6YoiBaVPFNjZ5BQi7
6WI8PZgFya82QRcFkvoCc4,49RRjdOtssOA73G9NnVeUM
7cbCAY27iyxgBLGhGTl0AU,49RRjdOtssOA73G9NnVeUM
5Q8brDWn982fSVVDDtIVWg,49RRjdOtssOA73G9NnVeUM
3ZEl5F62lwxZmIVPqT72ND,49RRjdOtssOA73G9NnVeUM
0SNEpoPVN1wpcvaVWy0zIE,7J2lZBANizgPNfUzux31PV
0A2Vqz2BFc9qUhrQu2c2IQ,7J2lZBANizgPNfUzux31PV
67CLk64Jq2ITiemGcJ8qst,7J2lZBANizgPNfUzux31PV
67CLk64Jq2ITiemGcJ8qst,14hwyxsI6rFMl60LslEuo7
7kpiOPIB55MCDtZEtoMb4w,7J2lZBANizgPNfUzux31PV
0SUilKlBFVR986QBUvyaxM,7J2lZBANizgPNfUzux31PV
1Z77vyYuVnvs5flhSpKrPC,7J2lZBANizgPNfUzux31PV
6sZzGcSMacMzi2dHYupCCq,7J2lZBANizgPNfUzux31PV
3GFuaNcVSVPcmLL6AzsywI,7J2lZBANizgPNfUzux31PV
0mdfJyBwHLjv4PIZ8pFLTR,7J2lZBANizgPNfUzux31PV
6pNp3kKDeo2C09V3o45BH7,7J2lZBANizgPNfUzux31PV
5ZJaPH5jENEwrM78CpvYjp,7J2lZBANizgPNfUzux31PV
3guiehUCRJc3HzToRtV3cZ,7J2lZBANizgPNfUzux31PV
0sVr8MD8WRnVrAGJ072FCd,7J2lZBANizgPNfUzux31PV
43SGdgmwkGTFPpBftf94Fw,7J2lZBANizgPNfUzux31PV
48UQyt1mH1E6n1jy41cya1,7J2lZBANizgPNfUzux31PV
3wa37uRdXUQgyUQmrOwii4,7J2lZBANizgPNfUzux31PV
6Kmf8BKYRii8rfYoguCwjF,7J2lZBANizgPNfUzux31PV
5Dy5QRFRekqR7KK3yL4U9b,7J2lZBANizgPNfUzux31PV
2Sdfx7Z5WfiMIk9XfkQAm5,7J2lZBANizgPNfUzux31PV
1QoX0lwVjSNcnYhyFP0T83,7J2lZBANizgPNfUzux31PV
47mMVL72wEPG0li4VTtHzM,0mXTJETA4XUa12MmmXxZJh
1tcn5JXZJC0xVAFIE3iZat,0mXTJETA4XUa12MmmXxZJh
13xlpKbai3GGoMSr75lOeX,0mXTJETA4XUa12MmmXxZJh
5r0Xd2wqRkTE0BqbeYlnFN,6J7rw7NELJUCThPbAfyLIE
5a0615Kx9tVg6T4Om5twMO,6J7rw7NELJUCThPbAfyLIE
3GtyVMEnfmc3rl8pTYBJqi,6J7rw7NELJUCThPbAfyLIE
40LvDRa8e5cdgUFsKgSUzq,6J7rw7NELJUCThPbAfyLIE
0GgLzw8RdggLtLjpP4iSIE,3w6zswp5THsSKYLICUbDTZ
3xJJkGULBUWnNU3ymzFHY7,3w6zswp5THsSKYLICUbDTZ
5a96csz24Uvb9j3nrcdOXj,3w6zswp5THsSKYLICUbDTZ
0PaDGhydpqhksvOmhdvkHW,3w6zswp5THsSKYLICUbDTZ
3G8X9nHRBIGKp9gsAdKoco,3w6zswp5THsSKYLICUbDTZ
1BR3oaWX8DC37ZYYV6eNr0,3w6zswp5THsSKYLICUbDTZ
7kyjDxYcff3MeWKtw0fnLW,3w6zswp5THsSKYLICUbDTZ
6GfLLPhhI8jpQUkhhn6rd6,6lqmbDjxe5rhvXIyfNl23o
1sFlplOnN4a8p1sQSD9PfS,6lqmbDjxe5rhvXIyfNl23o
1ZKK8huFJYQDu4pZV0G1h0,6lqmbDjxe5rhvXIyfNl23o
1JvqQIGK5YAERKiJJL0fe2,6lqmbDjxe5rhvXIyfNl23o
02CaMfRS2HZSmbLD7rY0xc,6lqmbDjxe5rhvXIyfNl23o
2tJ38kOqSEKZPeJvSX63mx,6lqmbDjxe5rhvXIyfNl23o
7bqvUtTDeUj0fAUZ7Ygftq,6lqmbDjxe5rhvXIyfNl23o
5i078DW2nTDCrjYQ74EJtP,6lqmbDjxe5rhvXIyfNl23o
2Dbw6Ofn8NfGFdbPhcgG7i,6lqmbDjxe5rhvXIyfNl23o
7ACksVbWqbYgEfSlLzR9Va,6lqmbDjxe5rhvXIyfNl23o
0U8pmaQrMaZmxXzcc7knd6,6lqmbDjxe5rhvXIyfNl23o
6xZE3lesExIZ1p8JeSk2nQ,6lqmbDjxe5rhvXIyfNl23o
7bRsiluGtm35q9bqEEylCg,6lqmbDjxe5rhvXIyfNl23o
1yDPnlL5DtJGYBMj6Q6dzR,6lqmbDjxe5rhvXIyfNl23o
3UIQj77Yb9UJ3FJBOATwli,6lqmbDjxe5rhvXIyfNl23o
3UIQj77Yb9UJ3FJBOATwli,57dGa2VqhK18wT94VmbxEu
5Q8NH4HcepoemNu6tmjlLk,6CmXhyslohOFRJMtPpRm4O
5YrReh3QLaSIElsqQqBIQN,6CmXhyslohOFRJMtPpRm4O
5qho66luU4nnRHdX3nvwNq,6CmXhyslohOFRJMtPpRm4O
4hdNswfYf9ztCOzSihiISO,6CmXhyslohOFRJMtPpRm4O
0KFOEYPzYt1QFmxm42yUsN,6CmXhyslohOFRJMtPpRm4O
0MDnGv1A4Xr58k5MK1hWJy,6CmXhyslohOFRJMtPpRm4O
1YZKI5JNUr7q08xfmiqy27,6CmXhyslohOFRJMtPpRm4O
3BFXSHiSq9g5b1l0moSe6p,6CmXhyslohOFRJMtPpRm4O
3FTRXxT1BLvE3GjGOHyolR,6CmXhyslohOFRJMtPpRm4O
6f1N5L3IFE2IQmUlwkVpV6,6CmXhyslohOFRJMtPpRm4O
2mxCsik76wrd432yXJERHP,6CmXhyslohOFRJMtPpRm4O
1BvNYczzngkTTWIHtGe2d3,6CmXhyslohOFRJMtPpRm4O
72Jrw3Q3wP9Hbnd3zypR72,6CmXhyslohOFRJMtPpRm4O
7EIYuZnq2NdvNWpGhexnqL,6CmXhyslohOFRJMtPpRm4O
2LOrirayKEz9Rl72f5azbJ,6CmXhyslohOFRJMtPpRm4O
2ub4VOgCrswWWhMbvnyjeY,6CmXhyslohOFRJMtPpRm4O
7J46GczMiJHNjDhWj3vEqU,6CmXhyslohOFRJMtPpRm4O
4LfnFFx66JbKWURC7hxb0N,6CmXhyslohOFRJMtPpRm4O
7D5acgchgG90ShYltS1gk2,6CmXhyslohOFRJMtPpRm4O
2nmB6oXTUXlcwmAFXzraNR,6CmXhyslohOFRJMtPpRm4O
0yVBYSlNkpWuqB9TheUQEm,6CmXhyslohOFRJMtPpRm4O
1DeIsVBeqwBS9g1WkP0tQA,6CmXhyslohOFRJMtPpRm4O
52NzZHJ4nUWF062GER6otK,6CmXhyslohOFRJMtPpRm4O
52NzZHJ4nUWF062GER6otK,3rsw1IvOxlPLMyyqREKKmy
15Ggz82hFFIJwDgvRHGk17,6CmXhyslohOFRJMtPpRm4O
15Ggz82hFFIJwDgvRHGk17,3rsw1IvOxlPLMyyqREKKmy
5z6BFXI711HbSAXDjgOAHE,2Sqr0DXoaYABbjBo9HaMkM
5z6BFXI711HbSAXDjgOAHE,4TbtUt49IMXEIMmNdifHb1
5z6BFXI711HbSAXDjgOAHE,080apEI56n6y4wL1epxCDo
1D8kRZizbtcWJWQ1LSygvE,2Sqr0DXoaYABbjBo9HaMkM
52fzvqGSm991mT6pBgAS6g,2Sqr0DXoaYABbjBo9HaMkM
10xzW5XNPaJoCBKAIdjZYb,2Sqr0DXoaYABbjBo9HaMkM
5x2sDapUIdq0qk1ezff3gm,2Sqr0DXoaYABbjBo9HaMkM
1s6codM2ZAB008t9GTyaEk,2Sqr0DXoaYABbjBo9HaMkM
0SwzCCHxBlXXXLPpqkjXaK,2Sqr0DXoaYABbjBo9HaMkM
4HnmEIDtiegXuU4fzzhTy9,2Sqr0DXoaYABbjBo9HaMkM
7L4ZgnQqEhCEsV9GnMeXtE,2Sqr0DXoaYABbjBo9HaMkM
7lpbyGc4fHsQkBTsfWVBhp,2Sqr0DXoaYABbjBo9HaMkM
627ukPRwYxyBREHxBq0vGJ,2Sqr0DXoaYABbjBo9HaMkM
64QcWKPhmceNB4ULPq1l1o,2Sqr0DXoaYABbjBo9HaMkM
2Z9WUERfMjOgQ6ze9TcGbF,2Sqr0DXoaYABbjBo9HaMkM
6I6LWiUlVb6UWYLN7KNU9W,2Sqr0DXoaYABbjBo9HaMkM
4fHHuBJW6lSKh9UU08jCx9,0dIGBGRHRiNzdTpZofcJ3Z
6tr035lP1c0CIBmoUY68ek,0dIGBGRHRiNzdTpZofcJ3Z
6aEckfxuj6Xr4XjKWB6ej2,0dIGBGRHRiNzdTpZofcJ3Z
2Fs0deHz21mXiZH4ugFJbx,0dIGBGRHRiNzdTpZofcJ3Z
6VbEweyMwzf9v97bTT4Zfa,0dIGBGRHRiNzdTpZofcJ3Z
1tJIzqIT84bfr1hIEVUvkw,0dIGBGRHRiNzdTpZofcJ3Z
6kdBnPJnlaWSKkl9t9ws3T,0dIGBGRHRiNzdTpZofcJ3Z
63aiYvsCwNYi3dJJxmG6H2,0dIGBGRHRiNzdTpZofcJ3Z
2ELFnnbz046Rkzf2HnajTX,0dIGBGRHRiNzdTpZofcJ3Z
2I4SaLqhVu7luvEmyDANCN,0dIGBGRHRiNzdTpZofcJ3Z
2jpQkVYYcHnswTD9yTOKSo,39x8gyJjTHiBQklFgVJSV4
0V1xU2HGBzh9hBH3HNOJTe,39x8gyJjTHiBQklFgVJSV4
0V1xU2HGBzh9hBH3HNOJTe,5ASPAbPIOD1NkMlhmf4eCD
0vfmDO6Clr4oN9dNAK1vMa,39x8gyJjTHiBQklFgVJSV4
0vfmDO6Clr4oN9dNAK1vMa,5ASPAbPIOD1NkMlhmf4eCD
04lNjSPeaO6gRkLjMCeXlJ,39x8gyJjTHiBQklFgVJSV4
1lwwEwzTkSU2SfjZnS2mEC,39x8gyJjTHiBQklFgVJSV4
0i4ST4muz5aodRYDEk03Qw,39x8gyJjTHiBQklFgVJSV4
0i4ST4muz5aodRYDEk03Qw,5ASPAbPIOD1NkMlhmf4eCD
406gAsjpmr2nsKbXdC3aIE,39x8gyJjTHiBQklFgVJSV4
3F0GjMW419NaFC89RMJ5uR,39x8gyJjTHiBQklFgVJSV4
4tglrlXfmZBbRJQXOPrQ1S,39x8gyJjTHiBQklFgVJSV4
4tglrlXfmZBbRJQXOPrQ1S,5ASPAbPIOD1NkMlhmf4eCD
46PSjIPGLtkFtvL7LtqP0k,39x8gyJjTHiBQklFgVJSV4
48TH8k2ONab9450cSxMr4V,39x8gyJjTHiBQklFgVJSV4
3tSDS0WRde9h4B5EkJE65S,39x8gyJjTHiBQklFgVJSV4
4iriz8WPLwIU7dc3afn6kd,39x8gyJjTHiBQklFgVJSV4
4Oz26gDe9j4idBz4Z7CPPN,39x8gyJjTHiBQklFgVJSV4
2pHlCJNp5Tc2M1D0LwwjSc,39x8gyJjTHiBQklFgVJSV4
5XEF3r3rrj8lxoEWKSBnke,39x8gyJjTHiBQklFgVJSV4
0Hy8p2L5GamiL1ZVVOlh3D,39x8gyJjTHiBQklFgVJSV4
5e3U4W5w3QMd3KOgIniTS8,5nHR37FDSU4I0QQta0AZ1C
6is2kRckWDus5XnwFgYX90,5nHR37FDSU4I0QQta0AZ1C
5LNuGPpPhIlLv3EDJflX9j,5nHR37FDSU4I0QQta0AZ1C
1MtvliJXWQ681GuCJcBcyK,5nHR37FDSU4I0QQta0AZ1C
6jqkLPaKVUtk3BNK2TTSNW,5nHR37FDSU4I0QQta0AZ1C
0MA0WBfE6KCXAE6yNSsk3U,4igDSX1kgfWbVTDCywcBGm
6UYt5h0ehwmXFktFsxsdhb,4igDSX1kgfWbVTDCywcBGm
0OYDNY8cxGE8C9xNNOnlU6,4igDSX1kgfWbVTDCywcBGm
5kV8HmG6YibcRcXpiF6tzi,4igDSX1kgfWbVTDCywcBGm
4kBQc7EkPlTUi6bIo8HfhI,4igDSX1kgfWbVTDCywcBGm
5p0GFMS6qjdeC9ZCa95TVP,4igDSX1kgfWbVTDCywcBGm
7ijL8KF5a1FTAmXU8X33Y3,4igDSX1kgfWbVTDCywcBGm
0MouMkpQROpiKLSyCpw3Xc,4igDSX1kgfWbVTDCywcBGm
4NVnwX1oas9B9zHSX8xwfD,4igDSX1kgfWbVTDCywcBGm
2y2pzedHjln9MbTHCq99qP,4igDSX1kgfWbVTDCywcBGm
2YNgQCezYCusW2z5xcf1rX,3oOlOS93V6ex5t5lrvZ7s7
1s2pki7lATUaBOL76E3vCV,5AkGBabcZI5o5pg5a5unXK
70MssnYTTSvL88RKLd2RlB,5AkGBabcZI5o5pg5a5unXK
1s2pki7lATUaBOL76E3vCV,5JvV6RyZ3OAAKYFr1MC7uW
1s2pki7lATUaBOL76E3vCV,4g93KOaUY7LNi9p13Do7Zk
1s2pki7lATUaBOL76E3vCV,04npA91CxIHbYiMUDSJwYl
1s2pki7lATUaBOL76E3vCV,0KDSs2sUII429KDdUZAdPT
1s2pki7lATUaBOL76E3vCV,4r0WhfGMzek67QH2LIc881
1s2pki7lATUaBOL76E3vCV,1iuiUKLjZ9ESrqlBqSULrp
1s2pki7lATUaBOL76E3vCV,72Cx27czgU64rpZBIRE2dU
1s2pki7lATUaBOL76E3vCV,2gAagCBpgV4wa8KBMUBYWL
1s2pki7lATUaBOL76E3vCV,5CbsLK7qbFYtYsGrUTwy3L
6z29S0IoiBJpSMP8plyCj7,4wotNEGiymduDcFVvAmE1R
6z29S0IoiBJpSMP8plyCj7,5iUNsFz9WCv39ykU1Jynzo
6z29S0IoiBJpSMP8plyCj7,1y7hCztOm1e7WRqSqPYwrQ
6z29S0IoiBJpSMP8plyCj7,5ml86yn6cVmEOH9aPLQiAZ
6z29S0IoiBJpSMP8plyCj7,7lDJanr4DYcKl2fBCjktXa
6z29S0IoiBJpSMP8plyCj7,3nDpp4HvcKgGxHY1sAQKle
6z29S0IoiBJpSMP8plyCj7,6iYhuMSkqjCtQHBJBE8XCn
6z29S0IoiBJpSMP8plyCj7,61I65kUg87io4r7dAI8lNT
6z29S0IoiBJpSMP8plyCj7,67qNGsOICDuicEGG81jcu2
6z29S0IoiBJpSMP8plyCj7,2wNGrjhGaxV0BpMJC7cCa5
6z29S0IoiBJpSMP8plyCj7,0xzEm6ACXwSz8VVA7vHTcf
6z29S0IoiBJpSMP8plyCj7,0ZR7wnBXvaUoO073W3xDY1
6z29S0IoiBJpSMP8plyCj7,5CT8iCIRBtjdOJLMS836xK
6z29S0IoiBJpSMP8plyCj7,3fKJJQFV6a61fnKYDDj2LU
6z29S0IoiBJpSMP8plyCj7,3SX5uwzLmpt2sPERWOa3y9
6z29S0IoiBJpSMP8plyCj7,2UpO4j1Zpptiwk3wbUIWmU
34482S5nfxR441wcnVfrHi,0PnDs1aZvcco3PihWmrQ9n
34482S5nfxR441wcnVfrHi,0DH2x6TSlW0nVggNKJyv0N
34482S5nfxR441wcnVfrHi,1pDe2uDS8M57xKnci0Lwwc
34482S5nfxR441wcnVfrHi,4EvUX3gMK49vMyWciwqNFM
34482S5nfxR441wcnVfrHi,1ze89FX7ci6LNw9CVVDMVG
34482S5nfxR441wcnVfrHi,3TvKKMHZjPLbmWcbaunCTq
34482S5nfxR441wcnVfrHi,5vSpd4ipk1RxFl6ZdAqhlb
34482S5nfxR441wcnVfrHi,31wM072mR7dpHCuiBjVTo9
34482S5nfxR441wcnVfrHi,0UmqeAVMuhYAfGTPfrNsuM
34482S5nfxR441wcnVfrHi,1JwNRXyWu4PxK13mp51p8y
34482S5nfxR441wcnVfrHi,3RNVFFdLsnvezJl1Myd1P0
34482S5nfxR441wcnVfrHi,0Ldgy5f3SARCmazagpf3Ld
34482S5nfxR441wcnVfrHi,7MgUkx4AZSP8lGb6SMdNZK
0wqCmiRvTgsobz3AZoadXq,0ffhpjKRLDVAySTufTUYmI
0wqCmiRvTgsobz3AZoadXq,3QLSZVfPQu8OLK8OvmlA8W
0wqCmiRvTgsobz3AZoadXq,5Umdew9vkXPLXQ7jHswTvX
0wqCmiRvTgsobz3AZoadXq,7tdZFWNwAygaTKb5RmPZEA
0wqCmiRvTgsobz3AZoadXq,4Px6Cq6cpeBYIYEJueADiW
0wqCmiRvTgsobz3AZoadXq,7e5yvbpBSAQ9CZ6cORngM1
0wqCmiRvTgsobz3AZoadXq,7xQ0tdXvdXgkIJAjuqmFbf
18FojbNFtWY8HKOMVSA2K4,4jfKruAUp84p2zLa3Gp7wj
18FojbNFtWY8HKOMVSA2K4,0XeY3YVvjMr4vUW2LgTNBW
18FojbNFtWY8HKOMVSA2K4,6jvo7RlCelkfCghrb2zaPW
18FojbNFtWY8HKOMVSA2K4,0pPGv2LGetOoxiG2ITHbfy
18FojbNFtWY8HKOMVSA2K4,5te38cdcCajZ60BAWw34FI
18FojbNFtWY8HKOMVSA2K4,5FnlOwHDDEgkAcF49Sy8JO
18FojbNFtWY8HKOMVSA2K4,2drRukhBFqjS1kx4uhVBj4
18FojbNFtWY8HKOMVSA2K4,6yEINm2a4E5SFTXXhkG1si
18FojbNFtWY8HKOMVSA2K4,1xN7dSNWyye6j7OH5ATLxc
610EjgFatGvVPtib97jQ8G,6CMA3pI2evMlzBUzGym1KY
610EjgFatGvVPtib97jQ8G,36muJce8YQKTYHKj3O3N0O
610EjgFatGvVPtib97jQ8G,1Rtopf52bLtF0kdxQsL8TL
610EjgFatGvVPtib97jQ8G,1ATeNyzMFWrOP8fek7kiGu
610EjgFatGvVPtib97jQ8G,2vDmR7Be0zQwcxDnHAqe5X
610EjgFatGvVPtib97jQ8G,42ltFCRJidyGA6lEoCP2uG
610EjgFatGvVPtib97jQ8G,5KLgTqr5DU65WkAYCdm5Mq
610EjgFatGvVPtib97jQ8G,65WwczdrIsAOeBwyL3EFxf
610EjgFatGvVPtib97jQ8G,33SKjZyiYXcgQI2aBi7Zds
610EjgFatGvVPtib97jQ8G,6JjEopFCXCRvPaD6W12GfQ
610EjgFatGvVPtib97jQ8G,0DjJIQPOsxd5OiUoVskRBH
610EjgFatGvVPtib97jQ8G,59cS5RJD7pIaeJc1HSJLDp
610EjgFatGvVPtib97jQ8G,16juc2MOH8gzwTSphwNWVH
610EjgFatGvVPtib97jQ8G,52e12cyeu7IY7JGSoUArHw
610EjgFatGvVPtib97jQ8G,0HyNeNediKZi4hdmz0g0tz
610EjgFatGvVPtib97jQ8G,1gFsHRle255nCMYZkRXwBH
610EjgFatGvVPtib97jQ8G,3lrxswQqhjIjLoLy8cf0tm
610EjgFatGvVPtib97jQ8G,3BB1Pe1PfijkrftFVmBEBs
610EjgFatGvVPtib97jQ8G,5OEL6rFpj2Ay6CbABAr3AU
610EjgFatGvVPtib97jQ8G,1bgaogmQCdYuPrMs5H1XM4
2OLdp1MFO8NLtcRpE0e76m,4UtgUAGEEtzq5HRUXjsfm2
2OLdp1MFO8NLtcRpE0e76m,7JfDxwLUkK4992SvvW4N5j
2Mf99N2VcDEcVuocyBLhyC,2o8nQLH6CKgnv3L311Z6LD
2Mf99N2VcDEcVuocyBLhyC,6dgzX3SQnRmp2B2joKRCGk
2Mf99N2VcDEcVuocyBLhyC,5ZWNB56k0SeOvyykZbgdiL
2Mf99N2VcDEcVuocyBLhyC,07UqrN2cUl0LdeVkJS75DX
2Mf99N2VcDEcVuocyBLhyC,2NEJMuxTIhpDtlSEJiQ3XZ
2Mf99N2VcDEcVuocyBLhyC,1rhtEzCWH9gbrYxzxe669Y
2Mf99N2VcDEcVuocyBLhyC,2zFQ8uYE0rt0TwECs7jCAx
2Mf99N2VcDEcVuocyBLhyC,1DjViQlcNj1iwKhE9ldMAp
2Mf99N2VcDEcVuocyBLhyC,0ntXTGF1tGttAv0Tr077DH
2Mf99N2VcDEcVuocyBLhyC,6FAkhBSO4bfqsXXhvah9Mf
77lQQu00gMEb6kn0TUUHxG,53mUqRB6D5RSXqXEvPYJGB
2DKtZ8qWGkZu36oX3ohys2,6StdowJelKxKQlCTMeVyOI
2DKtZ8qWGkZu36oX3ohys2,6FP3G5kZuxPYwNtP1qKwmi
2DKtZ8qWGkZu36oX3ohys2,1gCsgRB3PuKeDdQQNqqIfq
2DKtZ8qWGkZu36oX3ohys2,5DE81ud3Fi34KhyaeM4SUb
2DKtZ8qWGkZu36oX3ohys2,1Ml8Er7FlEtyOzsrXMGxVw
2DKtZ8qWGkZu36oX3ohys2,79ODlA0gmR0YpBILcc98v7
2DKtZ8qWGkZu36oX3ohys2,3jQFmppDBLDjgAWBg6Cy29
2DKtZ8qWGkZu36oX3ohys2,2Cqidm9ZG51S1ytfYPfo5V
68524z8sd176IRenNb1Fjy,0Nw8YiMDSIchH20MXpisNL
68524z8sd176IRenNb1Fjy,1if3qTYxQNBzVVN9wjDl2r
68524z8sd176IRenNb1Fjy,0I7D78fFrWvL6pm09p1rm7
68524z8sd176IRenNb1Fjy,1ROOdzlbMyRcFG8LfhZtxs
68524z8sd176IRenNb1Fjy,0DtcnnmiSWFfpDrKVrTbjS
68524z8sd176IRenNb1Fjy,2a2lBhJkhoW7YBFnZ2qTwV
2uNcfNhlVJUyEX0t0NG1m1,3gkxsfKsBhUUsP3uhIEMGH
2uNcfNhlVJUyEX0t0NG1m1,4JgHtBg2HHYNFY5UaMQKKj
2uNcfNhlVJUyEX0t0NG1m1,5wAPbpca9tJxPiU4DLxXko
2uNcfNhlVJUyEX0t0NG1m1,6cXBWOqOm4kzwC1jsF6y3H
2uNcfNhlVJUyEX0t0NG1m1,3OenFctBEK3hAB1l327r2Z
7tlMJGDvxoPp7KL5xwpugX,3OenFctBEK3hAB1l327r2Z
2uNcfNhlVJUyEX0t0NG1m1,3lrysOZwArhHFtnI1JEBtZ
2uNcfNhlVJUyEX0t0NG1m1,3uUUuUYtOy7AUMyjiNbejc
2uNcfNhlVJUyEX0t0NG1m1,2y3QJWx61W84bIrs5Mtw6p
1nR1XH5VhrU885nlTvQ7sU,2y3QJWx61W84bIrs5Mtw6p
2uNcfNhlVJUyEX0t0NG1m1,4tq6tGjRWfmPuhTBB8IWXm
2uNcfNhlVJUyEX0t0NG1m1,6pEfsS6N9MTKvadtvhBWdF
2uNcfNhlVJUyEX0t0NG1m1,4a5FNU1hzzx9GyvnCvTpJl
2uNcfNhlVJUyEX0t0NG1m1,4Ab7Nn7QvNS4f9dxrlIx2Y
2uNcfNhlVJUyEX0t0NG1m1,0u8ghZJ51MoiiU4jKDpX78
5kWZBRi1mL1QA414GqLllw,0u8ghZJ51MoiiU4jKDpX78
6Q8A9S9o98GqVGzDdiwvTH,0u8ghZJ51MoiiU4jKDpX78
2uNcfNhlVJUyEX0t0NG1m1,5S4gABJdnA4lVIxAHH5URY
2uNcfNhlVJUyEX0t0NG1m1,0Ws8YvZkKdcZ5zTRgg4rLb
2uNcfNhlVJUyEX0t0NG1m1,28hU6a2lwgMYwxNjsYYmn7
2uNcfNhlVJUyEX0t0NG1m1,1zVHvjKaX6aab7XG0hMw0V
2uNcfNhlVJUyEX0t0NG1m1,3Ska5qQfOmK6PyxdGhUnSG
2uNcfNhlVJUyEX0t0NG1m1,7C3mD66DaVZTj7UaIojPF9
2uNcfNhlVJUyEX0t0NG1m1,6LezDl2d09hp3L51DMpUy1
2uNcfNhlVJUyEX0t0NG1m1,7kO6K9dMegm09HwKDV3KxY
6h6rvsubMjxNgb5fvOo1mP,1HJWCISiP4onZ3XulxTgIP
2uNcfNhlVJUyEX0t0NG1m1,1HJWCISiP4onZ3XulxTgIP
2uNcfNhlVJUyEX0t0NG1m1,7jI13Aac54d4X1VFLvTlJI
2uNcfNhlVJUyEX0t0NG1m1,45vL04OafeLZeQPHs9tEpC
2uNcfNhlVJUyEX0t0NG1m1,7221Of24Dk9qZYXfXHQjrz
6hkNj3GAqFbkEUCs3R1dY3,7221Of24Dk9qZYXfXHQjrz
2VUiF0VFkXzB0DLg9AzrqT,7221Of24Dk9qZYXfXHQjrz
2uNcfNhlVJUyEX0t0NG1m1,62HbKkL2Ou51AR5v7sA2XS
2uNcfNhlVJUyEX0t0NG1m1,4jCjniw2Z5XmNSRjal9cxT
2uNcfNhlVJUyEX0t0NG1m1,7Lw8ZYdJxqdNGfu08ENT3q
2uNcfNhlVJUyEX0t0NG1m1,7bVZeBhPj5HwqeQ41kZ4NH
2uNcfNhlVJUyEX0t0NG1m1,5PRIwwdEON717R0BaLXaZV
2uNcfNhlVJUyEX0t0NG1m1,642PO6YTBiP26uQek3zOd5
2uNcfNhlVJUyEX0t0NG1m1,3EMCBydXnaoD8BcefKqn9A
1aTDTChWWyiJH3SEnYrdVp,7wZbjZsgxjNckWfLtvuhEF
0RrXCO1le5tywmQnBS8V0l,7wZbjZsgxjNckWfLtvuhEF
6FdLl42mUn0LySBNYDMaz0,7wZbjZsgxjNckWfLtvuhEF
2uNcfNhlVJUyEX0t0NG1m1,7wZbjZsgxjNckWfLtvuhEF
2uNcfNhlVJUyEX0t0NG1m1,3EvuuNA4yaptq8H5zr50NK
0hoJOBOz6E9TTZliZ1tzwg,53mD6MazZLDIT3ls3BxmXt
2uNcfNhlVJUyEX0t0NG1m1,53mD6MazZLDIT3ls3BxmXt
2uNcfNhlVJUyEX0t0NG1m1,6z6BRmdJkUl12cMIZVv43O
7AEPFGsBBHqMtHGiYDFVQy,0RmSVT6oo6m95avanxImXV
7AEPFGsBBHqMtHGiYDFVQy,5hmhIJQOtTfAncnrg6lZv3
7AEPFGsBBHqMtHGiYDFVQy,5trmdGz4GpIlbUxWgVJTPX
7AEPFGsBBHqMtHGiYDFVQy,3tCHNcehvK6wsvuvFAkpgH
7AEPFGsBBHqMtHGiYDFVQy,0EuCLSnRZVGyzlfGUCj0mD
5ltIfb6fKhN2sxGic1WRWy,5Y7zOIH3FYw4PXNIuROKna
5ltIfb6fKhN2sxGic1WRWy,7w0MTMEmus5P3gb5dTUHcZ
5ltIfb6fKhN2sxGic1WRWy,1dG4QFiCFE59QRofjEbGD7
5ltIfb6fKhN2sxGic1WRWy,15ABXh5frq839uY7653VJx
47LEGQCc9FShxKmbod8u7e,2yj8TPwQlqQBBDE6lXNzem
47LEGQCc9FShxKmbod8u7e,6GOFkuJ792HKgdODJwTDam
47LEGQCc9FShxKmbod8u7e,2lgesGuMTjdAmCdyXSWl42
47LEGQCc9FShxKmbod8u7e,46U6AmYvIbKWo7TKRWJTS4
47LEGQCc9FShxKmbod8u7e,1LTo3BywwRvrJfiaVp66Cg
47LEGQCc9FShxKmbod8u7e,1iJyYpVlL7lJ33WbE3cIoy
47LEGQCc9FShxKmbod8u7e,0DXMm3bd4zJFiSA5moQbV4
010NIu2EaWyKzN3YZ3lj0z,0DXMm3bd4zJFiSA5moQbV4
47LEGQCc9FShxKmbod8u7e,6thtyngPQODWYV8mT5zbwC
010NIu2EaWyKzN3YZ3lj0z,6thtyngPQODWYV8mT5zbwC
3LMkQzoTUDoZaLhM58O2Ej,545HhduxVVC1BnSMa0cVLm
3LMkQzoTUDoZaLhM58O2Ej,44XoDv7runauinyZvY92VD
3LMkQzoTUDoZaLhM58O2Ej,7dmVoJfhWrvEj3rLaYJbFo
3LMkQzoTUDoZaLhM58O2Ej,1URlQkFnIN6tRsJWJUdAQD
3LMkQzoTUDoZaLhM58O2Ej,2bfPoB96IFOVLkY8EUHRdF
47LEGQCc9FShxKmbod8u7e,0DXMm3bd4zJFiSA5moQbV4
010NIu2EaWyKzN3YZ3lj0z,0DXMm3bd4zJFiSA5moQbV4
010NIu2EaWyKzN3YZ3lj0z,3n07qyUJazGLD8nyVB0CEe
010NIu2EaWyKzN3YZ3lj0z,3STrh2nBoKOL9UE7diozGt
47LEGQCc9FShxKmbod8u7e,6thtyngPQODWYV8mT5zbwC
010NIu2EaWyKzN3YZ3lj0z,6thtyngPQODWYV8mT5zbwC
4ISvSAA85lr3lDwpMEBNgS,4HQWxJ17hSKerU51SG78dI
4ISvSAA85lr3lDwpMEBNgS,32VgKoN5pEQDhbL4glL420
4ISvSAA85lr3lDwpMEBNgS,5NvoRMuSGvnKBl8XnhreCZ
4ISvSAA85lr3lDwpMEBNgS,4nNTEccurMFuHMehTFe2uu
4ISvSAA85lr3lDwpMEBNgS,3tDUcDXsuypCBFO9gpGlJy
4ISvSAA85lr3lDwpMEBNgS,0cnA5le3IiAwzUQfZgVLoF
4ISvSAA85lr3lDwpMEBNgS,0tNGBpOP3GsiZ8v6NuPPRM
4ISvSAA85lr3lDwpMEBNgS,61NMrwJGLN2EcY7dYdoRKQ
4ISvSAA85lr3lDwpMEBNgS,5lHk5sSZRpnUD6KFww4unC
4ISvSAA85lr3lDwpMEBNgS,0to3tdltXOoOAJnNuNJgLu
6PzNEcjhgM7tQ9FfrPEPrc,04kQXW8s206SeWJug4CLoz
6PzNEcjhgM7tQ9FfrPEPrc,6aO2XXsDJBh1ns7xQDFMd5
1yLlQimDTRrACa45u50LXW,3NfSgsD2wtNa8GkYJFk5N0
1yLlQimDTRrACa45u50LXW,092RDg9Hyr7Dlix19GqO9E
1yLlQimDTRrACa45u50LXW,672KNi9IpsWAUC8c5s58af
1yLlQimDTRrACa45u50LXW,3NOUANdCx2oio3nzs2tbKl
1yLlQimDTRrACa45u50LXW,4NtMlfpAJpDonRxyNUcqy9
1yLlQimDTRrACa45u50LXW,4RlfdYZU1f3tj9jnmgBWeB
1yLlQimDTRrACa45u50LXW,0Y6Ci0b4XFG6jEtZppJiI0
1yLlQimDTRrACa45u50LXW,5poTXma29vmUDnx0ddS1l3
1yLlQimDTRrACa45u50LXW,3gglt7l4q8uybXG5zm5ICC
1yLlQimDTRrACa45u50LXW,3voCqCyi5TB4ddRRvF8KhJ
1yLlQimDTRrACa45u50LXW,2Owgepynr30drFAElfK54J
1yLlQimDTRrACa45u50LXW,34gHpri5I8HXeqMhfmRcE0
4xYAJbccuTDFnsuA4FzCSr,03m28bHwNIEkhT0btngF4F
01Ppu7N8uYJI8SAONo2YZA,03m28bHwNIEkhT0btngF4F
1yLlQimDTRrACa45u50LXW,03m28bHwNIEkhT0btngF4F
1yLlQimDTRrACa45u50LXW,4iOqeUFJs4gGwVSUsxtRnu
1yLlQimDTRrACa45u50LXW,249eg0DXm5sJegopxGvjhf
1yLlQimDTRrACa45u50LXW,3d7cZON4la2lL7MSo2Hmfe
68AgFdMHxeVZ8cUX31HlCq,627joVd3Fzvg33KgQIk5PZ
68AgFdMHxeVZ8cUX31HlCq,0cJZbWXluN0imnDThNF4Wo
68AgFdMHxeVZ8cUX31HlCq,7I4gz8r4cDWQe2sbnGTq3i
68AgFdMHxeVZ8cUX31HlCq,7B3852mhjKImvztOOP2i9E
68AgFdMHxeVZ8cUX31HlCq,4QhULANATyRuSITd742nNI
68AgFdMHxeVZ8cUX31HlCq,69vdzNykuW2esnvpytuJyK
7vX3cMVyW8gtDA4y855ynF,6yX67VKldwmjZEXSLI6kFx
7vX3cMVyW8gtDA4y855ynF,3Sa7j9QeFvGLMkYBYchWef
7vX3cMVyW8gtDA4y855ynF,14PfZxWDjz2M104JSlhV5Q
7vX3cMVyW8gtDA4y855ynF,7EvuqhD86yjmYAWor82aDd
7vX3cMVyW8gtDA4y855ynF,4efFYAI6uWPYcxJiRl1hDC
7vX3cMVyW8gtDA4y855ynF,27HVM5FYLSFPrUL1gjPa2A
2boRS9WnlAnAnzi9x9ZiCK,27HVM5FYLSFPrUL1gjPa2A
7vX3cMVyW8gtDA4y855ynF,7tXt1mrCsatm2hetZaycXh
7vX3cMVyW8gtDA4y855ynF,76kubgZXyhgd0QEGU5LeLt
7vX3cMVyW8gtDA4y855ynF,6PerqUKJERGna8YUfLp8VF
7vX3cMVyW8gtDA4y855ynF,3iqyQHFVWrmx4rjWRJXCNg
7nC05zmJukRGYObQeRgg3x,3odGC4HI6JoJu5Y4uv62ne
7nC05zmJukRGYObQeRgg3x,3DumYAg993r9OXbsGQjF86
7nC05zmJukRGYObQeRgg3x,22HJvPKCj04m9qqWZ4wanD
7nC05zmJukRGYObQeRgg3x,7kHksR33GwByNjDN4HD1HS
7nC05zmJukRGYObQeRgg3x,2CDGSOSxuizL0vsT4yuycz
7nC05zmJukRGYObQeRgg3x,0y75BdtCTGM5yhka5F4LO5
7nC05zmJukRGYObQeRgg3x,2zjtSXcOILB6Xl0TkYTvZH
7nC05zmJukRGYObQeRgg3x,3rtjXeblrE2O29OVqkgkEX
7nC05zmJukRGYObQeRgg3x,7z125gzEdV6xSYnFjaubiK
7nC05zmJukRGYObQeRgg3x,1JVNMg4VVfHZ8CyJFS0q6Y
7nC05zmJukRGYObQeRgg3x,1GgZxrwWrTTk6MVlfECDJ1
7nC05zmJukRGYObQeRgg3x,6nJ6NXAi6FeVUBPaUbW5cF
7nC05zmJukRGYObQeRgg3x,5YvxOOG2h2PF9FQtUqBFsN
7nC05zmJukRGYObQeRgg3x,1DEluaycigxmlu2JHps9By
35VpsbV6V2NdfTeNZEbKfc,6IpndberC86op5qzTOZ70O
35VpsbV6V2NdfTeNZEbKfc,4ITAxjdVfgevnS8SA4liGZ
35VpsbV6V2NdfTeNZEbKfc,6NFJbFjFfRGHYGxlGNecYy
35VpsbV6V2NdfTeNZEbKfc,6gkVU0EDZmUJkGww1487z7
35VpsbV6V2NdfTeNZEbKfc,3171AwRx5Nce3Vhi6BEhI1
6zGcYBjlNOMSVVrl7ZoGsH,2R8cMVzWRFq0Rsc2WZi97U
6zGcYBjlNOMSVVrl7ZoGsH,3suUEZF6I8yRlv9HJfT5rh
6zGcYBjlNOMSVVrl7ZoGsH,3ZMkXIsa2NtN3ToY4xQp4X
2pOLYuxb1wwCu8bmXyhhEb,0fRCP0JaRISC5JTkJRcbca
2pOLYuxb1wwCu8bmXyhhEb,1mvQsIGtuCEwEE5hR5KqQ3
2pOLYuxb1wwCu8bmXyhhEb,5ZBb8ffT3PFVkwr7mfA7UH
2pOLYuxb1wwCu8bmXyhhEb,2ALbufJa4AfIvG7Vl98BIk
27M9shmwhIjRo7WntpT9Rp,1uigFHlYtuv8wCgRG9DdZp
27M9shmwhIjRo7WntpT9Rp,57lFs8RHvQsFy0Xjf6rdYv
27M9shmwhIjRo7WntpT9Rp,4RKwcU1RpcllKoceoXGOL1
27M9shmwhIjRo7WntpT9Rp,5htcBxqWfEWaZ7CCETXcH9
27M9shmwhIjRo7WntpT9Rp,0iJXDWIGaGm6bLmhK6Efj8
27M9shmwhIjRo7WntpT9Rp,22KVoZ7EmeN7pAbWjb5FeH
27M9shmwhIjRo7WntpT9Rp,2M79km58zWV83hmOYYyLus
2zYTqtjckJABPQiFJelyqW,2M79km58zWV83hmOYYyLus
4S2yOnmsWW97dT87yVoaSZ,0lYvGf8BhnNMWMNJtnpwri
27M9shmwhIjRo7WntpT9Rp,0lYvGf8BhnNMWMNJtnpwri
27M9shmwhIjRo7WntpT9Rp,6p2ynD77wbJLB7zJ7HUL3h
27M9shmwhIjRo7WntpT9Rp,2sgJ0cMvYNIiiArcntpa5g
27M9shmwhIjRo7WntpT9Rp,3xkl1atAT58rICs9BJ3YS2
27M9shmwhIjRo7WntpT9Rp,2Tc6etPxMv8TTSAsWpUL6q
27M9shmwhIjRo7WntpT9Rp,3IHIWX5ubWQpKGgIrQXyfU
27M9shmwhIjRo7WntpT9Rp,530GIDMdLsvcdYGC1MEGfB
27M9shmwhIjRo7WntpT9Rp,6ZobwKLPgXjDJo6imrswZL
27M9shmwhIjRo7WntpT9Rp,2QURA7wPfkKTa6htP54Chb
27M9shmwhIjRo7WntpT9Rp,6CEOMDFTAWceOUHBux3YS2
27M9shmwhIjRo7WntpT9Rp,564Hq6rEDp1lGA33hLk2R5
27M9shmwhIjRo7WntpT9Rp,6sSttrOfiGLg708CKkU5rs
27M9shmwhIjRo7WntpT9Rp,6zwB5LJtI7ZV5qdtM69HfU
27M9shmwhIjRo7WntpT9Rp,1uigFHlYtuv8wCgRG9DdZp
27M9shmwhIjRo7WntpT9Rp,57lFs8RHvQsFy0Xjf6rdYv
27M9shmwhIjRo7WntpT9Rp,4RKwcU1RpcllKoceoXGOL1
27M9shmwhIjRo7WntpT9Rp,5htcBxqWfEWaZ7CCETXcH9
27M9shmwhIjRo7WntpT9Rp,0iJXDWIGaGm6bLmhK6Efj8
27M9shmwhIjRo7WntpT9Rp,22KVoZ7EmeN7pAbWjb5FeH
27M9shmwhIjRo7WntpT9Rp,2M79km58zWV83hmOYYyLus
2zYTqtjckJABPQiFJelyqW,2M79km58zWV83hmOYYyLus
4S2yOnmsWW97dT87yVoaSZ,0lYvGf8BhnNMWMNJtnpwri
27M9shmwhIjRo7WntpT9Rp,0lYvGf8BhnNMWMNJtnpwri
27M9shmwhIjRo7WntpT9Rp,6p2ynD77wbJLB7zJ7HUL3h
27M9shmwhIjRo7WntpT9Rp,2sgJ0cMvYNIiiArcntpa5g
27M9shmwhIjRo7WntpT9Rp,3xkl1atAT58rICs9BJ3YS2
27M9shmwhIjRo7WntpT9Rp,2Tc6etPxMv8TTSAsWpUL6q
27M9shmwhIjRo7WntpT9Rp,3IHIWX5ubWQpKGgIrQXyfU
27M9shmwhIjRo7WntpT9Rp,530GIDMdLsvcdYGC1MEGfB
27M9shmwhIjRo7WntpT9Rp,6ZobwKLPgXjDJo6imrswZL
27M9shmwhIjRo7WntpT9Rp,2QURA7wPfkKTa6htP54Chb
27M9shmwhIjRo7WntpT9Rp,6CEOMDFTAWceOUHBux3YS2
27M9shmwhIjRo7WntpT9Rp,564Hq6rEDp1lGA33hLk2R5
27M9shmwhIjRo7WntpT9Rp,6sSttrOfiGLg708CKkU5rs
27M9shmwhIjRo7WntpT9Rp,6zwB5LJtI7ZV5qdtM69HfU
27M9shmwhIjRo7WntpT9Rp,2UbTlfdv4eOxQTQn9oPeGP
27M9shmwhIjRo7WntpT9Rp,3AeR6rjQtARCj4A1fzL1Es
2zYTqtjckJABPQiFJelyqW,3AeR6rjQtARCj4A1fzL1Es
27M9shmwhIjRo7WntpT9Rp,4yMLoelmxdvzv9oHOJsZPI
27M9shmwhIjRo7WntpT9Rp,0Gxpu0RyYdNvDezvlNp7Ej
27M9shmwhIjRo7WntpT9Rp,3CuTBjytGBm8tk0xlfTBUo
27M9shmwhIjRo7WntpT9Rp,0A74SLRs9XpMlbtRp1aXjP
27M9shmwhIjRo7WntpT9Rp,6Effd1QWWU5gknolsjqg2I
27M9shmwhIjRo7WntpT9Rp,0LkpL0BPpGDhlZZ3mugCbd
27M9shmwhIjRo7WntpT9Rp,3NX3T7gCkLwTnImlZyJVDG
6MeCCf8MyDjbu37Czv91rE,1u8BYuD99nc6SC97ulGhnY
27M9shmwhIjRo7WntpT9Rp,1u8BYuD99nc6SC97ulGhnY
27M9shmwhIjRo7WntpT9Rp,2tShWd6Bk5oaLHiwL1C6mD
27M9shmwhIjRo7WntpT9Rp,0x0atk09A0JSkZ36TqYTcX
27M9shmwhIjRo7WntpT9Rp,1QOjuaEY4OpJhPtE6gDntg
44BkC9lJfLmhcRB4NV7Z38,07nK3Ia9rQiVM0C9nZGOjt
44BkC9lJfLmhcRB4NV7Z38,38wosAcMdSc3hyPzTWzXp4
44BkC9lJfLmhcRB4NV7Z38,4VL9CTdv4Pc94WLOPyHJGl
44BkC9lJfLmhcRB4NV7Z38,0x7PSSY1XhMcsmbynnZT62
0JUy3xJl7DDXrqkOq2jAz3,3Zf2WplkMubPQuwkBAfySV
0YupLF0tszgj7vyKCQlRoC,3Zf2WplkMubPQuwkBAfySV
0YupLF0tszgj7vyKCQlRoC,5gyskAKYw0LOMyijzRQDau
0YupLF0tszgj7vyKCQlRoC,5THuXFOq0TAqmfjpnMxdEa
0YupLF0tszgj7vyKCQlRoC,3ec8xTqWkqiz1zgKBPefpJ
0YupLF0tszgj7vyKCQlRoC,30UtfopAKFz9sepRW7SpEy
6Y4bCmUNPDKqc7dHkVvgim,3Vg5wOEPHtQGaEf6i9qJ9K
6Y4bCmUNPDKqc7dHkVvgim,56xtgnA9d4CnbvKLph1ivN
6Y4bCmUNPDKqc7dHkVvgim,1tF7625TFqvfzMbappj1pQ
5oU0tZlItLctcLOQPS3mCy,42PYcXkN5YS40eOmFFU2XW
5oU0tZlItLctcLOQPS3mCy,6Alxyi2WOzOVOpcII4gidI
5oU0tZlItLctcLOQPS3mCy,5xCqg7ej0eaCdjJoDrWUrO
5oU0tZlItLctcLOQPS3mCy,1aF3krJrPbsLbLzvw1SqAo
5oU0tZlItLctcLOQPS3mCy,40VVhYrRI1I7OWWIJwhtcw
5oU0tZlItLctcLOQPS3mCy,53IuqRwYQ1h1bcXA8BGdc1
7viobUNBHL6NTe36O9Ocdk,4qeM4qEmDYbWtqecAwYahL
7viobUNBHL6NTe36O9Ocdk,4KSJIMy95LXRxGm7Uz66ot
7viobUNBHL6NTe36O9Ocdk,5SpBiyrPAXMDKQDU4MnXKM
7viobUNBHL6NTe36O9Ocdk,4zlpRD0VKCEFskSONkHyqI
7viobUNBHL6NTe36O9Ocdk,0y5EtPEK7GMfZOZ4Fz4Qhq
7viobUNBHL6NTe36O9Ocdk,6gPBdGgGLpNwgOlaoiVyvA
7viobUNBHL6NTe36O9Ocdk,0DyrkR7gr0FqQlhhu014ie
6igfLpd8s6DBBAuwebRUuo,69rts7FNFTznxiz1FU6uD5
6igfLpd8s6DBBAuwebRUuo,3vRa8VmokxINdux9sZA82m
6igfLpd8s6DBBAuwebRUuo,22nZ1NT4IWj6boYaz8xe2q
6igfLpd8s6DBBAuwebRUuo,252NtCT6AXklf3RywgcDTB
6igfLpd8s6DBBAuwebRUuo,3qL2gdQLgulBvIo7bng2zS
6igfLpd8s6DBBAuwebRUuo,6HHnPXXmJBzlsQE4ieQxYi
6igfLpd8s6DBBAuwebRUuo,5OF3OR07FFYm89YJqk7jEH
6igfLpd8s6DBBAuwebRUuo,6kUSDnZQRfJMSOg02dnAIQ
6igfLpd8s6DBBAuwebRUuo,2vhaL4VfdINvrtU3VnWBIX
6igfLpd8s6DBBAuwebRUuo,7FWFzvDorD7IJQTQI4hQyQ
6igfLpd8s6DBBAuwebRUuo,6nuqOgW21a5zQovek21qjr
6igfLpd8s6DBBAuwebRUuo,5D25zBxrqnQQ5lf3YgVzgP
6igfLpd8s6DBBAuwebRUuo,2lsW6OMyPPsz3ywDVucaZO
6igfLpd8s6DBBAuwebRUuo,6RmubufozOtOt8otLiUbgv
6igfLpd8s6DBBAuwebRUuo,7LQ7nZid1nFl5RcmZq4Qtg
6igfLpd8s6DBBAuwebRUuo,6bH3LhVR663INTT9YE3CxD
6igfLpd8s6DBBAuwebRUuo,12TPxFL4oc72SOj6cPS1Nm
7E1o9IcnpiFQDlAUk2H7Az,6eAJEJwTjiOQG5jvISsx1v
7E1o9IcnpiFQDlAUk2H7Az,5nr1WsFgzermy9sTeuAqGC
0n6xMAwakXiGBh8glsuYG1,3a2JlqYjwpN3Wck0IuA4HS
4dYQmk5ma04mZ1KJ9KkAQK,3a2JlqYjwpN3Wck0IuA4HS
7E1o9IcnpiFQDlAUk2H7Az,3a2JlqYjwpN3Wck0IuA4HS
7E1o9IcnpiFQDlAUk2H7Az,7tLh0C7KXRxfS3z38zLBIa
7E1o9IcnpiFQDlAUk2H7Az,40hflv8qjnNzLA2ZrFA3yv
7E1o9IcnpiFQDlAUk2H7Az,0bx5hbIbfqvl6XmqTiGvkt
7E1o9IcnpiFQDlAUk2H7Az,5rTR9XaqKo540FG6VnYFLC
7E1o9IcnpiFQDlAUk2H7Az,1zjKZQ8sKd9wTzo19KBeCj
7E1o9IcnpiFQDlAUk2H7Az,6qdXaGZtQgaIMpESPmuk1s
5zeCSgiRyezbfLiGOpKAsR,2AKwPZUsAlqfhOF2EnI6rJ
5zeCSgiRyezbfLiGOpKAsR,6b1nRI001Qcp7U64SP5PbF
5zeCSgiRyezbfLiGOpKAsR,5Is1X1y3v4n1VnjnAFTt8R
5zeCSgiRyezbfLiGOpKAsR,5okrovZbV2oi6t8AIZQRbk
5zeCSgiRyezbfLiGOpKAsR,4s07NgU2s082olssefw133
5zeCSgiRyezbfLiGOpKAsR,38RlgTFNohA8vG9PXaxkoC
5zeCSgiRyezbfLiGOpKAsR,02dYlhHwj2AKvgvHJ3mxAn
5zeCSgiRyezbfLiGOpKAsR,5iE1J6X3IAnIYDCSfpPSKS
5zeCSgiRyezbfLiGOpKAsR,4Bq4RBaH3nfE4fYgeF1Hqw
5zeCSgiRyezbfLiGOpKAsR,58vHXcHLA80vjdYjPnqg2W
5zeCSgiRyezbfLiGOpKAsR,2LwtogDadiVfDptBLFkknT
5zeCSgiRyezbfLiGOpKAsR,7vylfAkbPmydVNoDTUp3yM
5zeCSgiRyezbfLiGOpKAsR,6FXR4DEIYONPfvnTAW1XJV
5zeCSgiRyezbfLiGOpKAsR,4iC29gJbvbfs8G5m7URAwP
5zeCSgiRyezbfLiGOpKAsR,7ah2CPzJJ8ojX6GF9LvQ3j
5zeCSgiRyezbfLiGOpKAsR,2FnAyVEwMjKs6plYySK5tY
5zeCSgiRyezbfLiGOpKAsR,3X9sk7cKEPMvkPN0EC8MBQ
5zeCSgiRyezbfLiGOpKAsR,4GhD271KrszlJUAWiTKrJD
4MUwzU9R6pmwz7V4svP1bk,0tWNeFCTX5yu7zWBWlrIJP
4MUwzU9R6pmwz7V4svP1bk,6tWNEmPx6XXEpJML5l4GWm
4MUwzU9R6pmwz7V4svP1bk,2sXxAN5avRhCeRL0nU7yjn
4MUwzU9R6pmwz7V4svP1bk,1jtGjpRs9epcQcw631RwQ9
4MUwzU9R6pmwz7V4svP1bk,3C0yog4PNQHdTOspYs4DxX
4MUwzU9R6pmwz7V4svP1bk,7bpt0GabbUbcCHldPLCxJa
4MUwzU9R6pmwz7V4svP1bk,1dmWr3oxp6VxtrWBxSf4fx
4MUwzU9R6pmwz7V4svP1bk,6Zy4vzjy9qZlMYLE3gMXDy
4MUwzU9R6pmwz7V4svP1bk,7kXGG4bgoJMcaVmqhNMtG7
4MUwzU9R6pmwz7V4svP1bk,0bhv6GuhFLayuUWiFv9Mvy
0qdblxxVBeNzq1LFwzjN9g,5MfZnORUhPrRWu8dGEueYY
0qdblxxVBeNzq1LFwzjN9g,6yUqDcf1MvVuWsiu5k7bYA
0qdblxxVBeNzq1LFwzjN9g,217MWnvPkioCSCh1LO8YBr
0CdbG1eHVjqjkQsGoH2u1V,5swCwkecIl1ZafeyxJYbYk
0CdbG1eHVjqjkQsGoH2u1V,6nwxuBgg0CLgXa9YmtVRNU
0CdbG1eHVjqjkQsGoH2u1V,7CBDvmSVwUCjqzth8CkMVw
0CdbG1eHVjqjkQsGoH2u1V,3FIx5RraKVNWwI0fDpgdfr
0CdbG1eHVjqjkQsGoH2u1V,0zRutLrFlSibd97Vgzk83K
0CdbG1eHVjqjkQsGoH2u1V,1szxwnS1wXsmmmAa4z7lFN
3dVt88018sQikXFlIocj3X,6peFdqDYJrZTrXoViRwBVx
3dVt88018sQikXFlIocj3X,1TMyWyinXybIMbrILOq8iI
3dVt88018sQikXFlIocj3X,69ooOyxe9nCYvOHLUrIlV4
3dVt88018sQikXFlIocj3X,4bMnCbmJb5PWN2mgp7McTx
21R50WhyQI5HxWOTr6MyY1,6FsZPUXyLNHw7OtWMnEing
21R50WhyQI5HxWOTr6MyY1,0FmbYmRAPPA7qwMtGln8Ff
21R50WhyQI5HxWOTr6MyY1,0R7dl0jCSNGa7XTa6Qw4kY
7hbH1qupmU6HxVBjWJItlq,76kVDikF9vgnIWoouuU39p
7hbH1qupmU6HxVBjWJItlq,2ww6RdR0e2WKtukeyDgl1g
7hbH1qupmU6HxVBjWJItlq,3TJQWtOjyGVJ7UPXZIq7Uo
7hbH1qupmU6HxVBjWJItlq,6InDtXtgcSREh66gpdZ2F2
7hbH1qupmU6HxVBjWJItlq,2ESaulPvwyTuw8IRjty9cE
7hbH1qupmU6HxVBjWJItlq,6ci4eieRl6cZ9fQCdkxuaK
7hbH1qupmU6HxVBjWJItlq,6EojMTIcdHKZUesfXcm04U
7hbH1qupmU6HxVBjWJItlq,6eBJuL3GwpgThGG4PIyqnh
7hbH1qupmU6HxVBjWJItlq,5gcKaSiUo4sMkDwD8yO71Z
7hbH1qupmU6HxVBjWJItlq,4U8upKXy8HQKdRDQmPvfyc
7hbH1qupmU6HxVBjWJItlq,0GVucLgesMVWWMVB7iHCOB
7hbH1qupmU6HxVBjWJItlq,0lcPdu7nRxBBxPGq06cVQo
7hbH1qupmU6HxVBjWJItlq,75WnEWNuum2S2NvFNppDbm
7hbH1qupmU6HxVBjWJItlq,3M7Z5G7yTzdwncFXnF5vZ6
7hbH1qupmU6HxVBjWJItlq,1EF9Bvbwy9NTzHIUDWEFEu
7hbH1qupmU6HxVBjWJItlq,0YDWzwKtZEMsPQHSdd9ClE
7hbH1qupmU6HxVBjWJItlq,6t3Flungcv9zkoADU6OBkm
5FGlhIQqewJRV8fx24toG0,7BZxOsz7dWX1Ks1jSEHDkC
5FGlhIQqewJRV8fx24toG0,0DXzhutctsWFcmKuAdR1po
5FGlhIQqewJRV8fx24toG0,1DZjP8cM2gku1838akFhP8
5FGlhIQqewJRV8fx24toG0,6KnGShU4tL8tCYF9HNDHi9
5FGlhIQqewJRV8fx24toG0,5M6sItpWMw93jXEI41WEdl
5FGlhIQqewJRV8fx24toG0,5B7SHLhAH0o7re8b7epOz1
5FGlhIQqewJRV8fx24toG0,2Z6jiHWfAoNMz7z8Q33Za0
5FGlhIQqewJRV8fx24toG0,7wzDhYYZJaYjSe9wzOpRSc
5FGlhIQqewJRV8fx24toG0,0Cw8oyfVn8Zi1PfFivMAJB
5FGlhIQqewJRV8fx24toG0,10f9TFKpIAkIF8WycYE8IJ
5FGlhIQqewJRV8fx24toG0,2018I52PIyHMSQXKY3yZma
5FGlhIQqewJRV8fx24toG0,5o0ZjlbylcShkEJQUmNCfv
5FGlhIQqewJRV8fx24toG0,7GpFuzF45jQ4HLxG00FC6O
5FGlhIQqewJRV8fx24toG0,2L4O2syFembuR63eNUrIgB
6QFuGrftxjfONIARygYHIe,76zy7zbPodYOfvsIn4puSE
6QFuGrftxjfONIARygYHIe,4PXXUssZwBaRp2hbBJ26oD
6QFuGrftxjfONIARygYHIe,3kR5fCM2UxCVG7VT50FX8c
6QFuGrftxjfONIARygYHIe,4ZUHJnO2R8geOFnS8AiCxr
6QFuGrftxjfONIARygYHIe,7wDy3aLv7NV790AYKBIgqr
6QFuGrftxjfONIARygYHIe,17D6BY4pIj3gq28oQHdHlv
6QFuGrftxjfONIARygYHIe,7i6mWJiyieb56Y6QVZiFeZ
6QFuGrftxjfONIARygYHIe,4TyEJSPKCQlDkPEwW83JtJ
6QFuGrftxjfONIARygYHIe,4YfdRl08gY448WoIXyE8JM
6QFuGrftxjfONIARygYHIe,5CPjZBwi92QRkfvx8aKEli
6QFuGrftxjfONIARygYHIe,1e1DwE0qSoU3DGBslBrms7
3Ivps5evkCqTJp50aqXTlu,5hNsbo4kh7ufNneRw0gKNy
3Ivps5evkCqTJp50aqXTlu,5Doa9jZ5kZPoIvriwf2OCa
3Ivps5evkCqTJp50aqXTlu,5eBPSEkEMlEde1gY6jhVZR
7tNLRmiAN8hpmFrbIHiHsy,2BdNjrSKbVG87s2Rok0LRK
7tNLRmiAN8hpmFrbIHiHsy,50vXvAaF4U6k7n8OrfVLwF
7tNLRmiAN8hpmFrbIHiHsy,3ZbfpLDN1yP3JYlqb7K6w0
7tNLRmiAN8hpmFrbIHiHsy,5ISnw1aCUfzN5D3EVTQ77e
7tNLRmiAN8hpmFrbIHiHsy,26U0Lv6Bzxu3GPBxRSyBu4
7tNLRmiAN8hpmFrbIHiHsy,2lZttozROJsM5KbD5gqSet
7tNLRmiAN8hpmFrbIHiHsy,042VdplnIPVgQQsyM54LcV
7tNLRmiAN8hpmFrbIHiHsy,2x2dXgEz4l4jBEz25kvbs6
7tNLRmiAN8hpmFrbIHiHsy,30PYTvoy3NWxgVIfMlhEOi
7tNLRmiAN8hpmFrbIHiHsy,5xKZp7KL3h9job6WYnLJ0w
7tNLRmiAN8hpmFrbIHiHsy,0bpwJNSMStRM5shqRW6ro2
7tNLRmiAN8hpmFrbIHiHsy,7GWcXBH4yhDV2hgKOQ4kHd
7tNLRmiAN8hpmFrbIHiHsy,4wKotVRbGtfTtDCCAShOTF
7g0xtrm9c9KAaBTwvrTTmZ,5F8lpRWSqqXCVrmmP5QU8q
6lb32Pf1I52GnEfnDlu9FR,2RMAY48ikAECTCkHKPGiH9
6lb32Pf1I52GnEfnDlu9FR,3rpeWsYnYXiB4eUiZtLTpk
6lb32Pf1I52GnEfnDlu9FR,0QBtLl4JT2pa1RiVfKa2Zt
6lb32Pf1I52GnEfnDlu9FR,0rvSb0W7EugURXrFjMcL6e
6lb32Pf1I52GnEfnDlu9FR,6DK6EEM1Icp1BDVitCXHqw
6lb32Pf1I52GnEfnDlu9FR,2aDqid1tRM4fKDsNZOITVF
6lb32Pf1I52GnEfnDlu9FR,0ejGwOLVtHrKNhCFHxlQsz
6lb32Pf1I52GnEfnDlu9FR,1nb9vlHWslHII6ejmyLJLu
6lb32Pf1I52GnEfnDlu9FR,5zyWIF511nYtV4Lbgqxesf
6lb32Pf1I52GnEfnDlu9FR,21gxnnCJa6D2aVpGjZDhPA
2gSskdDhLQCx3CQd6XKDhp,04liLrDnpGmXDQ9Zr9NXDw
2gSskdDhLQCx3CQd6XKDhp,3yhjDLdv9LvqpXeWpfStgE
2gSskdDhLQCx3CQd6XKDhp,4AFSQSJuMIWZLM2TCO8aFG
2gSskdDhLQCx3CQd6XKDhp,60EtoeilNtm9u8gHS7exCl
2gSskdDhLQCx3CQd6XKDhp,0lc6SAqse2LhqwUnznyAXB
2gSskdDhLQCx3CQd6XKDhp,6kcgh1O5DPj5nCWKUuojUo
2gSskdDhLQCx3CQd6XKDhp,76CrMRLZdQA271QjrZsvlS
2gSskdDhLQCx3CQd6XKDhp,5gloa9sOke3LfUzActMKqI
2gSskdDhLQCx3CQd6XKDhp,4exxbA5PNVIl3V4UFlINKP
2zlMeTjA7szCmqcJjBzYXJ,4exxbA5PNVIl3V4UFlINKP
2gSskdDhLQCx3CQd6XKDhp,1OYOqApKJPVbfBeTXsElM1
4v02pDNLdKoPB8NiTfvDpZ,1OYOqApKJPVbfBeTXsElM1
6GRLNvWrj7HyuBHDBQwQd0,1OYOqApKJPVbfBeTXsElM1
2gSskdDhLQCx3CQd6XKDhp,1MVK1X7iUByCN67Abh9byW
2gSskdDhLQCx3CQd6XKDhp,1cD14nO6bXSLiu0wZiteh1
2gSskdDhLQCx3CQd6XKDhp,2x8JUObFrLaBXXOsnUrm9L
2gSskdDhLQCx3CQd6XKDhp,5H9b1NgKZCJqNOmqo2c0HQ
2gSskdDhLQCx3CQd6XKDhp,0QsC3Q8d2OcbAppsTXHdYP
2gSskdDhLQCx3CQd6XKDhp,5z4degDhfuNrDi0s3SYf6i
2gSskdDhLQCx3CQd6XKDhp,05Shoy1VmX0NpDIfUi7is8
2gSskdDhLQCx3CQd6XKDhp,7cA7TxRFfem6zlnd7atY1N
2gSskdDhLQCx3CQd6XKDhp,06sSL7hAGWkImtARY8q5Vh
2gSskdDhLQCx3CQd6XKDhp,3RKx07KxZvBdWxT8kaWsyh
2gSskdDhLQCx3CQd6XKDhp,5hFC3PxMstxGEn8HfUI5wL
2gSskdDhLQCx3CQd6XKDhp,2ZWSk9zIE0RwVIKeYETSvt
2gSskdDhLQCx3CQd6XKDhp,0J1pZV90upb0OeND0UyVus
2gSskdDhLQCx3CQd6XKDhp,6FXUVJsMD1UYSbYkzhG40x
7rN3Agir6FaZNfhf5V7mfN,2j1ZUGPuEuiWI7isRuhwtz
7rN3Agir6FaZNfhf5V7mfN,7u4Y3Xb46hMvwkrd5iUSC7
7rN3Agir6FaZNfhf5V7mfN,08Y7ptEDL8itVR3Vod3dcs
7rN3Agir6FaZNfhf5V7mfN,6DkbN55f94E6vHyQAfAWgv
1BMB2m0GtHuLbr72kJIurt,0YoZyS5M81yOES7Xc227qz
7rN3Agir6FaZNfhf5V7mfN,0YoZyS5M81yOES7Xc227qz
7rN3Agir6FaZNfhf5V7mfN,5ZLnZ8o2xA2cmSPYtqExl1
7rN3Agir6FaZNfhf5V7mfN,6AYmDehwZ164cvy1WzQvwW
7rN3Agir6FaZNfhf5V7mfN,6jxOUKzAjQKdxnLQ3aBRiJ
7rN3Agir6FaZNfhf5V7mfN,4LXIiwlsgLPwnlmxTa6F4U
7rN3Agir6FaZNfhf5V7mfN,7BYMJZFCYuGKi2jblMhyxg
7rN3Agir6FaZNfhf5V7mfN,724MiwOVJq5YS9sr70RLif
457PeEAAVldQMV99UZNs2F,724MiwOVJq5YS9sr70RLif
7rN3Agir6FaZNfhf5V7mfN,3a9g6ueh2eVIYGTfmSoKkb
7rN3Agir6FaZNfhf5V7mfN,4wTLTb4VpQtTxmeyyFOFVj
2eShhXqR0oSFXxiD8cL5Nn,3UN90V2iS6wDl5Y4ZawRjk
1ADT5n2ddD6Pawz2Ufjik4,3UN90V2iS6wDl5Y4ZawRjk
6Gy3FUVBTd2wb5WGT13bbh,1W27PxjaVjqAJ8hzIA2Gch
1ADT5n2ddD6Pawz2Ufjik4,1W27PxjaVjqAJ8hzIA2Gch
0p3AAVV0tSKjDelw2E3pSx,1W27PxjaVjqAJ8hzIA2Gch
71cThfRkZ9P3IybZ1acUTZ,1W27PxjaVjqAJ8hzIA2Gch
1ADT5n2ddD6Pawz2Ufjik4,6CuaJ2yShPtxp3JmXOlTiw
1ADT5n2ddD6Pawz2Ufjik4,2Db16lkmAMYbIFBriexskZ
7lNFzeAXmSIKexINNgO6bu,2nqDyqG44oaFXRciRHhMLM
7lNFzeAXmSIKexINNgO6bu,5f0MnZRtip2zM0Po77gedb
7lNFzeAXmSIKexINNgO6bu,50JmQPSTP8kyevepEJrugO
7lNFzeAXmSIKexINNgO6bu,4wX9CjFBYSpdZlCVZNu8Tw
7lNFzeAXmSIKexINNgO6bu,3GturkYzgrdYUdfddPuztS
7lNFzeAXmSIKexINNgO6bu,7u29Ft8IHm2uKu1uzLvbG9
7lNFzeAXmSIKexINNgO6bu,3gkAvJUFd2RkL04OOTeVB3
7lNFzeAXmSIKexINNgO6bu,483CLaTJyX4cWakWAJkcLV
7lNFzeAXmSIKexINNgO6bu,0ZHTPQEgxuRmbD9NSP62g4
7lNFzeAXmSIKexINNgO6bu,74AuBHC3BPzztriCQYT3BG
7lNFzeAXmSIKexINNgO6bu,2nqDyqG44oaFXRciRHhMLM
7lNFzeAXmSIKexINNgO6bu,5f0MnZRtip2zM0Po77gedb
7lNFzeAXmSIKexINNgO6bu,50JmQPSTP8kyevepEJrugO
7lNFzeAXmSIKexINNgO6bu,4wX9CjFBYSpdZlCVZNu8Tw
7lNFzeAXmSIKexINNgO6bu,3GturkYzgrdYUdfddPuztS
7lNFzeAXmSIKexINNgO6bu,7u29Ft8IHm2uKu1uzLvbG9
7lNFzeAXmSIKexINNgO6bu,3gkAvJUFd2RkL04OOTeVB3
7lNFzeAXmSIKexINNgO6bu,483CLaTJyX4cWakWAJkcLV
7lNFzeAXmSIKexINNgO6bu,0ZHTPQEgxuRmbD9NSP62g4
7lNFzeAXmSIKexINNgO6bu,74AuBHC3BPzztriCQYT3BG
7lNFzeAXmSIKexINNgO6bu,7p4Dp51xDYSRRE46UIyQec
7lNFzeAXmSIKexINNgO6bu,0SJZLC4rrnMg4YgdWvUK9J
7lNFzeAXmSIKexINNgO6bu,2R5uRvmQGlvwYDzpl7pK63
7lNFzeAXmSIKexINNgO6bu,36F64mAQOMrCR0DVAn8jUD
7lNFzeAXmSIKexINNgO6bu,7CgKEdtuI9F3JgxKx5DdR9
7lNFzeAXmSIKexINNgO6bu,3nNwsJ67HTiDrYlHHnjVgb
7lNFzeAXmSIKexINNgO6bu,6OIkdVCFMm5ApUu42BPvLa
7lNFzeAXmSIKexINNgO6bu,4iJf4T8aszK0O0rNK4UiJq
7lNFzeAXmSIKexINNgO6bu,1P6W4c7ifEGmN4TtcOp28b
7lNFzeAXmSIKexINNgO6bu,0wvacaDgLgSqbkuai2ESdi
7lNFzeAXmSIKexINNgO6bu,5hULJHo6bDy6f0nTK4Nn3J
7lNFzeAXmSIKexINNgO6bu,29oZTzA516zrs62uDiXTq0
7lNFzeAXmSIKexINNgO6bu,4ppWhbRYlpSbFWLlHaBipc
7lNFzeAXmSIKexINNgO6bu,5fYiJSeE33imwwnKtrmFHH
7lNFzeAXmSIKexINNgO6bu,7kkusdf1HfWNKo8ltaEKyU
7lNFzeAXmSIKexINNgO6bu,7wUKJQi5cvyTYnoGf4inTT
7lNFzeAXmSIKexINNgO6bu,7eflJLx57x4uE9UfiJM64X
7lNFzeAXmSIKexINNgO6bu,4dpZvcI7bzOyT2SXcrkjAj
7lNFzeAXmSIKexINNgO6bu,76aEVj9jcjNnPZ0lkJE1ui
7lNFzeAXmSIKexINNgO6bu,0iIuw07avKm8Roqt9v7JWe
7lNFzeAXmSIKexINNgO6bu,01VS07opPJ3mOTmdSUP1XO
5jbP6txZCMe5l7QLZ1pmJ3,2gyGOhPnkNv5N7q7i3iTfT
5jbP6txZCMe5l7QLZ1pmJ3,3kDVELWE0LVwybGYfRaXbZ
5jbP6txZCMe5l7QLZ1pmJ3,3Fll9oBNXKoqrMezoFefwz
5jbP6txZCMe5l7QLZ1pmJ3,3XZ8UO7MUNrNxwuXmYJlu5
5jbP6txZCMe5l7QLZ1pmJ3,1xrzzbxD5m2VAcYu70hszz
5jbP6txZCMe5l7QLZ1pmJ3,2w9C2EyjACnDyx8Z7mhHA1
5jbP6txZCMe5l7QLZ1pmJ3,6OhVivAPHdZBx3N3sWnHDu
7D5oTJSXSHf51auG0106CQ,1QGVFDfyPCVEfKli1J0OSz
7D5oTJSXSHf51auG0106CQ,6Yq40Q0Kvz9PXdja9i2Yxb
7D5oTJSXSHf51auG0106CQ,5KKvRI75Em3FlsSrZLttSv
7D5oTJSXSHf51auG0106CQ,5zTspSgaNG7kR212E2hFJE
7D5oTJSXSHf51auG0106CQ,0XK9Mswaj8iOEUcSm7N7JD
7D5oTJSXSHf51auG0106CQ,1eS5FLI6q24t4wONeOzrj5
7D5oTJSXSHf51auG0106CQ,5WvCCzJtQ6AWKyBSTHvwwo
6iU0naWn1UgiTReoiXqPXI,5fxXkktsUjBI8WGGP2gddw
6iU0naWn1UgiTReoiXqPXI,0C7R18z6EQfrjK81tMXFbg
6iU0naWn1UgiTReoiXqPXI,6ISwcHab64okHAqYte73yV
6iU0naWn1UgiTReoiXqPXI,5U0F111nSDEnUSV72fXBsW
7p5InLEf4rTML8Cyob1ZnN,5U0F111nSDEnUSV72fXBsW
6iU0naWn1UgiTReoiXqPXI,4um5OhE4oPiUaOOntMZJR1
6iU0naWn1UgiTReoiXqPXI,2W2ELRKsHzFbq3B2LfjMnP
6iU0naWn1UgiTReoiXqPXI,4lyKZIxEhFaJUzdMDNSaBc
6iU0naWn1UgiTReoiXqPXI,3AE2uh7DUSaTzuHzrlvfmU
6iU0naWn1UgiTReoiXqPXI,3Pr4PaBUROQXFEcpyHR17y
6iU0naWn1UgiTReoiXqPXI,15Bg4oKx0zF68SpCnkQPg4
6iU0naWn1UgiTReoiXqPXI,3SGRBCQzni0BbVMCJdAmVr
7w0qj2HiAPIeUcoPogvOZ6,7514ptx5Y3gmULIv4OBaDV
7w0qj2HiAPIeUcoPogvOZ6,1m8boVg3zd9sXFLlMYKMy4
7w0qj2HiAPIeUcoPogvOZ6,6vdpQA8YYZgOYdDaAN771Z
7w0qj2HiAPIeUcoPogvOZ6,1mKWlf5Sgn9RI1Q3AiscY0
7w0qj2HiAPIeUcoPogvOZ6,6KzK9fDNmj7GHFbcE4gVJD
7w0qj2HiAPIeUcoPogvOZ6,66p6CIMdxQFO3Igg9xo14a
7w0qj2HiAPIeUcoPogvOZ6,6a3mUuehqpbNKmzfsRHxZh
4QGC11o7gQR7MBEJ5cUMSv,6tZLwoKRLPkNW4LJoKfTmz
4QGC11o7gQR7MBEJ5cUMSv,5dWYoWKffDqL56JUzTZevf
4QGC11o7gQR7MBEJ5cUMSv,6tpn3tpnC0ubdEwU24IIYZ
4QGC11o7gQR7MBEJ5cUMSv,1KVrleCet1Gu3OLRauqgJJ
4QGC11o7gQR7MBEJ5cUMSv,59tAm5MfkdftyA2aQvQ9vG
4QGC11o7gQR7MBEJ5cUMSv,7JB4apoce4rWHHU4LD31wO
3vFDvFtR8VKEITzDa2ddKe,1hiEIyGixVk3k2qnJGar6k
3vFDvFtR8VKEITzDa2ddKe,44FeXsISMWAUqnPC13urqm
3vFDvFtR8VKEITzDa2ddKe,5qbtnntl0QEtqGDkYw4vBB
45DUUqLXUpSjzfmlSXrAEA,5qbtnntl0QEtqGDkYw4vBB
3vFDvFtR8VKEITzDa2ddKe,7HwWpYoxCgspJQZtUx93v7
3vFDvFtR8VKEITzDa2ddKe,5qbtnntl0QEtqGDkYw4vBB
45DUUqLXUpSjzfmlSXrAEA,5qbtnntl0QEtqGDkYw4vBB
1syC76TS0O5Yx2sCNGbUZb,0DhKyqfxC5ZeWpMlxieOvX
1syC76TS0O5Yx2sCNGbUZb,2kZEKgKqYXTUCAU11ssox8
1syC76TS0O5Yx2sCNGbUZb,3setr3rFOkCxQIXL2hYMBe
1syC76TS0O5Yx2sCNGbUZb,3i65gvvZvIyCVccGXcUabU
1syC76TS0O5Yx2sCNGbUZb,5yXBXeXqaVZg0zx0HeORYv
1syC76TS0O5Yx2sCNGbUZb,1nKvpzHz4ElyOX9BNRPmmQ
1syC76TS0O5Yx2sCNGbUZb,5svSfbDdBaAMmdrCoLUF40
1syC76TS0O5Yx2sCNGbUZb,1Q9x1rWp5bVho3iIZO2qtB
1syC76TS0O5Yx2sCNGbUZb,22bnwCJsAAEj8fqlJLK5bL
1syC76TS0O5Yx2sCNGbUZb,6v5UhwVp8jccBLHNwUuNSg
73U1Zb71I5JwgC1qVqZ8NO,2DRXmTIlSxOHAg34tW1Bi8
73U1Zb71I5JwgC1qVqZ8NO,73kaUrbWDrSmZH80OPsgXR
73U1Zb71I5JwgC1qVqZ8NO,77e3WnCuq2XNHtbv3h66un
2s189t9jaZyzJf2xJoVWJp,0yapFccFs4mKQyUC7ABqX0
73U1Zb71I5JwgC1qVqZ8NO,0yapFccFs4mKQyUC7ABqX0
73U1Zb71I5JwgC1qVqZ8NO,47U9Shy2iV4bjCdgESal2I
3CJreAnfiV4cEH46WjImXW,47U9Shy2iV4bjCdgESal2I
73U1Zb71I5JwgC1qVqZ8NO,7rUHomOgN5wpAxT7U6oxuQ
73U1Zb71I5JwgC1qVqZ8NO,1Adkukn6Z9MjyI1bw53nh9
20FU0pDsTPz2kNImmc6ux0,1eqDlqtwxmGSbfTBPBefcE
25Q9si63JQHlQk12dMLZhb,1eqDlqtwxmGSbfTBPBefcE
25Q9si63JQHlQk12dMLZhb,5Dn9AAKkjoiaTn1J2LdkWf
25Q9si63JQHlQk12dMLZhb,2K7t7N4vNBt0WHacIl4840
25Q9si63JQHlQk12dMLZhb,2ZR1X8ab5lvdsbxtAjULby
25Q9si63JQHlQk12dMLZhb,4rnd1iN9PsU6SHA57dnBqA
25Q9si63JQHlQk12dMLZhb,5caf42NWP1GoKmM5ibWGAh
25Q9si63JQHlQk12dMLZhb,330ZPxyYnAM2IOpUjOGUL6
25Q9si63JQHlQk12dMLZhb,4S8BfO1UsgqOM04Y99lMJ4
0FC1LIeQXKib0jOwZqeIwT,2HrSVi6YKMOfirkwR9fqQn
0FC1LIeQXKib0jOwZqeIwT,1jR6YBYdl3pTURMQNNr3nC
0FC1LIeQXKib0jOwZqeIwT,78UXXQ2WhEdl3586dCV2ZT
0FC1LIeQXKib0jOwZqeIwT,4nI85puQMF6uOiLE0sonAo
0FC1LIeQXKib0jOwZqeIwT,3xh8mYf6G3AaJaJ5AYlrWN
0FC1LIeQXKib0jOwZqeIwT,2pAIXVAEZ6J4t2LdKrhlJY
0FC1LIeQXKib0jOwZqeIwT,701rg5v150XTS4NKdkVrSg
0FC1LIeQXKib0jOwZqeIwT,27biu2bukuSDqiMh6yTixI
0FC1LIeQXKib0jOwZqeIwT,0jEnsCtV4Ph9985R5OkfUR
0FC1LIeQXKib0jOwZqeIwT,70TGe7CPNXeJ064eUfxHNI
0FC1LIeQXKib0jOwZqeIwT,46mMajNOAygFXs6UwTq2jR
0FC1LIeQXKib0jOwZqeIwT,4jpH4KSWKZ8tAB6YbqJ9N1
2xDl6RQqmmWdXGeKwKNpFl,43bYgJG0dtvVttepGGuLXe
2xDl6RQqmmWdXGeKwKNpFl,7CFmGEGlCPRIH2lYkh1LXC
2xDl6RQqmmWdXGeKwKNpFl,2feVqr4CquzhSKsH6zKUvA
2xDl6RQqmmWdXGeKwKNpFl,54hN12ZVulF1tDWL6rfXsJ
2xDl6RQqmmWdXGeKwKNpFl,6emL3MWeKj8XmMr1QdqxTE
2xDl6RQqmmWdXGeKwKNpFl,1L0IjQ6gd5Swv8lCZELhKs
2xDl6RQqmmWdXGeKwKNpFl,0EbWIAZ0Vow6ZEU8d4tObh
2xDl6RQqmmWdXGeKwKNpFl,5lBb2UHdylqrWzhJUbiUCV
2xDl6RQqmmWdXGeKwKNpFl,7gryNFyhay9H9qlvBOh3Kg
2xDl6RQqmmWdXGeKwKNpFl,6UlgOsBd4sU0bb7ez9mZNz
6R0p06zJjHFNzlPhT7MC11,6UlgOsBd4sU0bb7ez9mZNz
2xDl6RQqmmWdXGeKwKNpFl,0rOPUeP2ul6J97MXgJ8zx3
2xDl6RQqmmWdXGeKwKNpFl,7HNOi15scxtrPR6Mteghjo
2xDl6RQqmmWdXGeKwKNpFl,2EZDvEZVhKJ1YeT4BR6IF4
3jvyO2jDkfBe2vuI6euFny,4jdYRljDIvGxdSqQOTMyBT
3jvyO2jDkfBe2vuI6euFny,1nEQVEkUOTWxNSLi0NNYYP
3jvyO2jDkfBe2vuI6euFny,5AdCg3oTWKUiAU6eX7o0I8
3jvyO2jDkfBe2vuI6euFny,1HS9zkpcc7pajjLpv4nG6q
3jvyO2jDkfBe2vuI6euFny,7safXlm6HVfUN5eucu542l
3jvyO2jDkfBe2vuI6euFny,5SlRLMsHGXTKiCDYvtXlgJ
3jvyO2jDkfBe2vuI6euFny,6vAkSwVlx3U9i5TswAKrZW
3jvyO2jDkfBe2vuI6euFny,66msKcyIaJABRcPJA3KRJb
3jvyO2jDkfBe2vuI6euFny,3XP9z2DPSV5DSE6E3WmBRG
3jvyO2jDkfBe2vuI6euFny,4q49GqYQxX7O8FwpaShxh5
3jvyO2jDkfBe2vuI6euFny,6zFlPueRXz2QG5HnfFvem1
3jvyO2jDkfBe2vuI6euFny,0xeSQc1YktppH8NPvlAroo
3jvyO2jDkfBe2vuI6euFny,1not0A98DPsbtcLbiPVtQt
61YE3whKiuRr83j1yOm5M7,5GTIiqz6iD2FUSiNMm2pCB
2RuCpLYd7gbFkjeqi5cDJf,5GTIiqz6iD2FUSiNMm2pCB
61YE3whKiuRr83j1yOm5M7,1dGSTO9UQZJWtk1UtVAnxx
2RuCpLYd7gbFkjeqi5cDJf,1dGSTO9UQZJWtk1UtVAnxx
61YE3whKiuRr83j1yOm5M7,0NiM7JW25zZ3mhQ8NPNGvF
61YE3whKiuRr83j1yOm5M7,0Rs6mBOQDG7g7UZIXRIioZ
61YE3whKiuRr83j1yOm5M7,5cFPUjRtEaHdwqCnThz5s4
61YE3whKiuRr83j1yOm5M7,7KAx12f1rwu7EAXUpZ7rzJ
61YE3whKiuRr83j1yOm5M7,2WoVlzgbNUagfqA9FBCLsk
61YE3whKiuRr83j1yOm5M7,6C5GXWTK4E9A50lDtFQFgr
61YE3whKiuRr83j1yOm5M7,6I5vLJXuALJYodn6u3ZhSG
61YE3whKiuRr83j1yOm5M7,36i3fUi7xuuE0UA8pXtdxK
73pBfiuzMCcn2UGQTCH98u,1ZwLqFM4KFDtjVq0QrLl8k
73pBfiuzMCcn2UGQTCH98u,2s8YP4cSCRf1LNZCBreGfX
73pBfiuzMCcn2UGQTCH98u,4XEYvmUB2o14L29IeHxtaB
73pBfiuzMCcn2UGQTCH98u,48xtXQyTwKFqo9MiexTF47
7aExFIr0IHWO5aFjMrGwKw,1O8axr00xSfbCtsv2UtcO4
7aExFIr0IHWO5aFjMrGwKw,08KAStLIZm9EaTPHugLmDi
7aExFIr0IHWO5aFjMrGwKw,7fqRYdpER5hnjBLbtQm1QS
7aExFIr0IHWO5aFjMrGwKw,0iOR8uT9rCh5zlSbgMEJjk
7aExFIr0IHWO5aFjMrGwKw,1iXU3iPZKa8Aky17CfAxxl
7aExFIr0IHWO5aFjMrGwKw,5j09JGBilEu4p38dN7FQLk
7aExFIr0IHWO5aFjMrGwKw,1oG5GivwCKvJ6yalafM7ug
7aExFIr0IHWO5aFjMrGwKw,6XxAO0rJBeTjGlkSwR7xGr
7aExFIr0IHWO5aFjMrGwKw,3qIWSOOgX59ads4bVoXO1t
7aExFIr0IHWO5aFjMrGwKw,3KEvjl5LFDwExl0umK963Z
7aExFIr0IHWO5aFjMrGwKw,4gJXtrwMcUgsSckFbWmEEO
7aExFIr0IHWO5aFjMrGwKw,4t4cg5Bh71KNbU6QG6q6Jy
7aExFIr0IHWO5aFjMrGwKw,7b8BypFa8KjnQC8lo8xAuW
7aExFIr0IHWO5aFjMrGwKw,6yxtKEEGnC6WfCzAR3yjj8
7aExFIr0IHWO5aFjMrGwKw,5n8GLqSqUln6Qr9PYwLUy1
7aExFIr0IHWO5aFjMrGwKw,5sANdtX5mCAtybc5gu9Zt2
7aExFIr0IHWO5aFjMrGwKw,0fWV8D1byaFWLivZSRqf8v
7aExFIr0IHWO5aFjMrGwKw,369GwLE5GMudMcsRk2dZdl
7aExFIr0IHWO5aFjMrGwKw,5TuYaXlUkKS68uJqQU0OSl
4M5nCE77Qaxayuhp3fVn4V,4v7qrSwfjkEKu4hd1OwwvN
4M5nCE77Qaxayuhp3fVn4V,0dZ4tHT2Ka2kScPqLK9x1Q
4M5nCE77Qaxayuhp3fVn4V,4IQ5xCkLZBZ7rv93lTmZyP
4M5nCE77Qaxayuhp3fVn4V,3iAWM0U3XGlFpSKlhcm2Va
4M5nCE77Qaxayuhp3fVn4V,25k9hNbkD8qjrSwMVmQ09K
1OmdWpAh1pucAuZPzJaxIJ,20K8u0Rc42L2SPy3DxTGRe
4M5nCE77Qaxayuhp3fVn4V,20K8u0Rc42L2SPy3DxTGRe
4M5nCE77Qaxayuhp3fVn4V,33zayrSBdboyCyGTjtQrsw
25hkV0FAhcjmadGqi8DNKr,7HaroacfMgwLTLKU34mQcC
0fqE57gXXTTqxXlFYVNG2u,7HaroacfMgwLTLKU34mQcC
4M5nCE77Qaxayuhp3fVn4V,7HaroacfMgwLTLKU34mQcC
4M5nCE77Qaxayuhp3fVn4V,0jMBAo2pk2cEE0aJ3WseMl
6Vfn70eqp3AgtiZZtQcv4W,0jMBAo2pk2cEE0aJ3WseMl
4M5nCE77Qaxayuhp3fVn4V,0DA4r5VKhCgSNCPON01MpA
4M5nCE77Qaxayuhp3fVn4V,3oPGyYlIVrG66eLKD93BN4
4M5nCE77Qaxayuhp3fVn4V,5xoAEIpmkQcD5BmcnZHBpW
4M5nCE77Qaxayuhp3fVn4V,7od6o9MsbPhPg8w4x5oGqg
4M5nCE77Qaxayuhp3fVn4V,48gn1NG9RecdfhI4qzPr85
4M5nCE77Qaxayuhp3fVn4V,4hQrMKUocaKJjrv2jxgI9l
4M5nCE77Qaxayuhp3fVn4V,5tOzXq44rU4yCCVY94f6m7
4M5nCE77Qaxayuhp3fVn4V,3fzjXU2SSKero9gVMcPivX
1OmdWpAh1pucAuZPzJaxIJ,0s1mKAEcqr7od5xY3pZ921
4M5nCE77Qaxayuhp3fVn4V,0s1mKAEcqr7od5xY3pZ921
4M5nCE77Qaxayuhp3fVn4V,169vCBCFaW2na816P8Ir7m
4M5nCE77Qaxayuhp3fVn4V,2diNeeePw7kIT2K4DYCdJx
4M5nCE77Qaxayuhp3fVn4V,6ntb18dIoT5KvUFwWgkmMw
13JJKrUewC1CJYmIDXQNoH,0uxamkAL1EFGSTmU76jar2
13JJKrUewC1CJYmIDXQNoH,0YyiLprwcLOytMKd4ES5tq
13JJKrUewC1CJYmIDXQNoH,7hbigaQSWwpaOltmlTq970
13JJKrUewC1CJYmIDXQNoH,6CLlWqMKd95lyqfHKBzSM4
13JJKrUewC1CJYmIDXQNoH,6Jp05umHWHkUhR6V6TnonS
13JJKrUewC1CJYmIDXQNoH,1ffZ5xExmmOr15QQzYrXyf
13JJKrUewC1CJYmIDXQNoH,4X6PQwYWxtGGtKjAfX6wa6
13JJKrUewC1CJYmIDXQNoH,4Ay02WMMtEKaySj1mtPTga
13JJKrUewC1CJYmIDXQNoH,3muMwFfcND0Tndi0bL4CTx
13JJKrUewC1CJYmIDXQNoH,0VdGuYwG11xommnRXGZd8y
13JJKrUewC1CJYmIDXQNoH,5TSySuIYJ9fIIuB54hkYbo
13JJKrUewC1CJYmIDXQNoH,7iKiDeZQwFlt8ZXsDjQFGN
13JJKrUewC1CJYmIDXQNoH,1pIgSRWlu9qQiTsWtXK3TN
13JJKrUewC1CJYmIDXQNoH,16VHtkRIxLzBwV2UDkJhye
13JJKrUewC1CJYmIDXQNoH,2ifnB89PpCOFh12OZVVeHO
13JJKrUewC1CJYmIDXQNoH,2nYkOzI6plzhX7StDOlMOA
13JJKrUewC1CJYmIDXQNoH,30k1g1RNzspPOJ7gSnQawf
0PxROnBgJGsMQw3QoWkpwT,1yf1JecN6PiQqab6umYHPj
13JJKrUewC1CJYmIDXQNoH,1yf1JecN6PiQqab6umYHPj
6TKKVFCBfak1kInOPl7hCz,2agHhHPJnRneykrgDd0yzK
6TKKVFCBfak1kInOPl7hCz,0e13TOd8SY3zm0TZ5TsfGV
6TKKVFCBfak1kInOPl7hCz,1Abo6ONaXFOZyCfJ5vNN9q
6TKKVFCBfak1kInOPl7hCz,0vDBVkzExP5bm23YYN7Aq9
6TKKVFCBfak1kInOPl7hCz,60hOV2uQUZ14vt1yV9CbaW
0GMwjEjIPIP4188Hyrjm69,0g6iGBJQSP99NSyXoiTpWW
0GMwjEjIPIP4188Hyrjm69,6PNrCiJQ6buQssZuiICFLw
0GMwjEjIPIP4188Hyrjm69,6il4dPGinNoeVJM59Ney70
1NV2mcubGHe4hGqHNBBCYJ,731aZHL1bUULqm0AEnGJ20
0GMwjEjIPIP4188Hyrjm69,731aZHL1bUULqm0AEnGJ20
0GMwjEjIPIP4188Hyrjm69,0NQVBfI1uw8XljgjaFzI14
3OpWOvjJnk86geCHrAxkHA,6uGUSvRFBEdpnRfBTyzeCc
3OpWOvjJnk86geCHrAxkHA,4JPYOnE4sXdUQVSLdpGcsm
3OpWOvjJnk86geCHrAxkHA,0AZ6bFDr7OfgVgmHUvSbj1
3OpWOvjJnk86geCHrAxkHA,4gEeoXcS99XhAQ8hSHqlua
3OpWOvjJnk86geCHrAxkHA,0FGwsZjH8HXhXm0Tu7tBCZ
3OpWOvjJnk86geCHrAxkHA,1PboyzHeE8MY0pP2FOiVMm
3OpWOvjJnk86geCHrAxkHA,4Qeu7No6XQDoFQAI07O5Aw
3OpWOvjJnk86geCHrAxkHA,3yeK2bHkhFc1ROmzJ0xWnz
3OpWOvjJnk86geCHrAxkHA,3DDci32XtT0889xTTat4mo
3OpWOvjJnk86geCHrAxkHA,5byPu7GF5G11PAvFa9SezX
3OpWOvjJnk86geCHrAxkHA,4Waq4wQVYES3i2p4ZkO9YF
3OpWOvjJnk86geCHrAxkHA,6j4FVMUK28erxBKhML6yBA
3OpWOvjJnk86geCHrAxkHA,170t4wTMhtI8eLgidTj4Pv
3OpWOvjJnk86geCHrAxkHA,6bQmNe8Qv1OLDbdnnNqmKp
3OpWOvjJnk86geCHrAxkHA,2TGgqcosY6Zv6GRnQavyZg
3OpWOvjJnk86geCHrAxkHA,2tHnobXnk2qGqUuN9rIaUE
3OpWOvjJnk86geCHrAxkHA,2SnJYUCNXsvYkOc2PjzdBy
3OpWOvjJnk86geCHrAxkHA,4Aio9evVejRehuPKuw4WCV
3OpWOvjJnk86geCHrAxkHA,3MhhiKSR7O8YPgXbAU27RT
3OpWOvjJnk86geCHrAxkHA,5HqJjpHOYZnVu4Tvdvx3mJ
3OpWOvjJnk86geCHrAxkHA,0GX9l3hmupzleHZG92TEaQ
3OpWOvjJnk86geCHrAxkHA,0mXWFGckLEu9oYjRoDT8q6
3OpWOvjJnk86geCHrAxkHA,2U4wYbbFaKQhnyKA605JqH
3OpWOvjJnk86geCHrAxkHA,6YvqJDkqSJQg9Ms3XbAwEV
6ls2l3WdMnYWKS0WQKghHK,3BdfdPtjaZ9LlcsdtMpbce
6ls2l3WdMnYWKS0WQKghHK,1XFlOIIJiVAd48L8qNRD8S
6ls2l3WdMnYWKS0WQKghHK,7Mwmi5X5ilN2j1y6LNC34k
6ls2l3WdMnYWKS0WQKghHK,7JrUTwXYony1BmjBPMh7bG
7h4j9YTJJuAHzLCc3KCvYu,5r7YVjMxLH4PqvUsFVq2GA
470WlqN9HSRDGNaMufeHHF,5r7YVjMxLH4PqvUsFVq2GA
10fNnwosIFNITkZRFRBZp1,5r7YVjMxLH4PqvUsFVq2GA
7h4j9YTJJuAHzLCc3KCvYu,0oCh1fHmspiS9C5d7PFeSJ
7h4j9YTJJuAHzLCc3KCvYu,1A4hwmsfCqJXOGkyMQ4CtR
470WlqN9HSRDGNaMufeHHF,32ZQUdHe5VbtI26Bb6RC5j
7h4j9YTJJuAHzLCc3KCvYu,32ZQUdHe5VbtI26Bb6RC5j
7h4j9YTJJuAHzLCc3KCvYu,1vnZT6upil8XVg94ejhGk3
7h4j9YTJJuAHzLCc3KCvYu,6JNuIdnyOb5gHbMUi2pV6f
7h4j9YTJJuAHzLCc3KCvYu,6eOgKwcd0kLJHcF5pMWZD8
7h4j9YTJJuAHzLCc3KCvYu,0ZbeIyRRMVlXAvwl9cVpQn
7h4j9YTJJuAHzLCc3KCvYu,6PgmdqJEtZ2Uz8nrh1IzEt
7h4j9YTJJuAHzLCc3KCvYu,1eF6bx49eA7EsTvdZZ4KNj
7h4j9YTJJuAHzLCc3KCvYu,6GDNAcL5qEvQVdR0m74gQI
7h4j9YTJJuAHzLCc3KCvYu,3gPrzKtqmWyccA4fJrurIB
7h4j9YTJJuAHzLCc3KCvYu,1VOBm6WgMArRWp4xt6riEb
7h4j9YTJJuAHzLCc3KCvYu,4QuWRWFWySL436jwNjFKG2
